AWND,PRCP,SNOW,TAVG,WSF2,dep_hour,delayed
10.07,0.0,0.0,50.0,18.1,7,0
10.07,0.0,0.0,50.0,18.1,17,0
10.07,0.0,0.0,50.0,18.1,9,1
10.07,0.0,0.0,50.0,18.1,18,0
10.07,0.0,0.0,50.0,18.1,10,0
10.07,0.0,0.0,50.0,18.1,17,0
10.07,0.0,0.0,50.0,18.1,8,1
10.07,0.0,0.0,50.0,18.1,10,1
10.07,0.0,0.0,50.0,18.1,6,1
10.07,0.0,0.0,50.0,18.1,10,0
10.07,0.0,0.0,50.0,18.1,18,0
10.07,0.0,0.0,50.0,18.1,6,1
10.07,0.0,0.0,50.0,18.1,13,1
10.07,0.0,0.0,50.0,18.1,16,0
10.07,0.0,0.0,50.0,18.1,12,0
10.07,0.0,0.0,50.0,18.1,7,1
10.07,0.0,0.0,50.0,18.1,12,0
10.07,0.0,0.0,50.0,18.1,7,0
10.07,0.0,0.0,50.0,18.1,8,0
10.07,0.0,0.0,50.0,18.1,8,0
10.07,0.0,0.0,50.0,18.1,16,0
10.07,0.0,0.0,50.0,18.1,22,1
10.07,0.0,0.0,50.0,18.1,19,0
10.07,0.0,0.0,50.0,18.1,7,0
10.07,0.0,0.0,50.0,18.1,12,0
10.07,0.0,0.0,50.0,18.1,18,0
10.07,0.0,0.0,50.0,18.1,8,0
10.07,0.0,0.0,50.0,18.1,23,1
10.07,0.0,0.0,50.0,18.1,19,1
10.07,0.0,0.0,50.0,18.1,8,0
10.07,0.0,0.0,50.0,18.1,18,0
10.07,0.0,0.0,50.0,18.1,14,0
10.07,0.0,0.0,50.0,18.1,11,0
10.07,0.0,0.0,50.0,18.1,7,1
10.07,0.0,0.0,50.0,18.1,17,0
10.07,0.0,0.0,50.0,18.1,10,0
10.07,0.0,0.0,50.0,18.1,17,0
10.07,0.0,0.0,50.0,18.1,7,0
10.07,0.0,0.0,50.0,18.1,8,0
10.07,0.0,0.0,50.0,18.1,8,0
10.07,0.0,0.0,50.0,18.1,19,1
10.07,0.0,0.0,50.0,18.1,19,0
10.07,0.0,0.0,50.0,18.1,7,0
10.07,0.0,0.0,50.0,18.1,8,1
10.07,0.0,0.0,50.0,18.1,14,1
10.07,0.0,0.0,50.0,18.1,17,0
10.07,0.0,0.0,50.0,18.1,18,0
10.07,0.0,0.0,50.0,18.1,17,0
10.07,0.0,0.0,50.0,18.1,7,1
10.07,0.0,0.0,50.0,18.1,15,0
10.07,0.0,0.0,50.0,18.1,11,1
10.07,0.0,0.0,50.0,18.1,11,0
10.07,0.0,0.0,50.0,18.1,15,0
10.07,0.0,0.0,50.0,18.1,19,0
10.07,0.0,0.0,50.0,18.1,16,0
10.07,0.0,0.0,50.0,18.1,12,0
10.07,0.0,0.0,50.0,18.1,15,1
10.07,0.0,0.0,50.0,18.1,8,1
10.07,0.0,0.0,50.0,18.1,19,1
10.07,0.0,0.0,50.0,18.1,11,0
10.07,0.0,0.0,50.0,18.1,12,1
6.49,0.02,0.0,46.0,12.1,7,0
6.49,0.02,0.0,46.0,12.1,17,1
6.49,0.02,0.0,46.0,12.1,9,1
6.49,0.02,0.0,46.0,12.1,19,0
6.49,0.02,0.0,46.0,12.1,18,1
6.49,0.02,0.0,46.0,12.1,10,0
6.49,0.02,0.0,46.0,12.1,17,0
6.49,0.02,0.0,46.0,12.1,8,0
6.49,0.02,0.0,46.0,12.1,10,0
6.49,0.02,0.0,46.0,12.1,6,0
6.49,0.02,0.0,46.0,12.1,10,0
6.49,0.02,0.0,46.0,12.1,18,1
6.49,0.02,0.0,46.0,12.1,6,0
6.49,0.02,0.0,46.0,12.1,13,0
6.49,0.02,0.0,46.0,12.1,16,0
6.49,0.02,0.0,46.0,12.1,12,0
6.49,0.02,0.0,46.0,12.1,7,0
6.49,0.02,0.0,46.0,12.1,7,0
6.49,0.02,0.0,46.0,12.1,8,0
6.49,0.02,0.0,46.0,12.1,18,0
6.49,0.02,0.0,46.0,12.1,8,0
6.49,0.02,0.0,46.0,12.1,16,0
6.49,0.02,0.0,46.0,12.1,19,0
6.49,0.02,0.0,46.0,12.1,10,0
6.49,0.02,0.0,46.0,12.1,7,0
6.49,0.02,0.0,46.0,12.1,20,1
6.49,0.02,0.0,46.0,12.1,12,0
6.49,0.02,0.0,46.0,12.1,7,0
6.49,0.02,0.0,46.0,12.1,16,0
6.49,0.02,0.0,46.0,12.1,8,0
6.49,0.02,0.0,46.0,12.1,19,1
6.49,0.02,0.0,46.0,12.1,8,0
6.49,0.02,0.0,46.0,12.1,17,0
6.49,0.02,0.0,46.0,12.1,12,0
6.49,0.02,0.0,46.0,12.1,7,0
6.49,0.02,0.0,46.0,12.1,14,0
6.49,0.02,0.0,46.0,12.1,11,1
6.49,0.02,0.0,46.0,12.1,7,0
6.49,0.02,0.0,46.0,12.1,17,1
6.49,0.02,0.0,46.0,12.1,10,1
6.49,0.02,0.0,46.0,12.1,19,1
6.49,0.02,0.0,46.0,12.1,7,0
6.49,0.02,0.0,46.0,12.1,8,1
6.49,0.02,0.0,46.0,12.1,8,1
6.49,0.02,0.0,46.0,12.1,19,1
6.49,0.02,0.0,46.0,12.1,19,1
6.49,0.02,0.0,46.0,12.1,7,0
6.49,0.02,0.0,46.0,12.1,8,0
6.49,0.02,0.0,46.0,12.1,14,0
6.49,0.02,0.0,46.0,12.1,19,0
6.49,0.02,0.0,46.0,12.1,15,1
6.49,0.02,0.0,46.0,12.1,19,1
6.49,0.02,0.0,46.0,12.1,18,0
6.49,0.02,0.0,46.0,12.1,16,1
6.49,0.02,0.0,46.0,12.1,19,0
6.49,0.02,0.0,46.0,12.1,7,0
6.49,0.02,0.0,46.0,12.1,15,0
6.49,0.02,0.0,46.0,12.1,16,0
6.49,0.02,0.0,46.0,12.1,11,1
6.49,0.02,0.0,46.0,12.1,19,1
6.49,0.02,0.0,46.0,12.1,11,0
6.49,0.02,0.0,46.0,12.1,15,1
6.49,0.02,0.0,46.0,12.1,19,1
6.49,0.02,0.0,46.0,12.1,9,0
6.49,0.02,0.0,46.0,12.1,15,1
6.49,0.02,0.0,46.0,12.1,15,0
6.49,0.02,0.0,46.0,12.1,12,0
6.49,0.02,0.0,46.0,12.1,15,1
6.49,0.02,0.0,46.0,12.1,8,0
6.49,0.02,0.0,46.0,12.1,19,1
6.49,0.02,0.0,46.0,12.1,11,0
5.82,0.36,0.0,48.0,13.0,7,0
5.82,0.36,0.0,48.0,13.0,17,0
5.82,0.36,0.0,48.0,13.0,9,1
5.82,0.36,0.0,48.0,13.0,19,0
5.82,0.36,0.0,48.0,13.0,18,0
5.82,0.36,0.0,48.0,13.0,10,0
5.82,0.36,0.0,48.0,13.0,17,0
5.82,0.36,0.0,48.0,13.0,8,0
5.82,0.36,0.0,48.0,13.0,10,0
5.82,0.36,0.0,48.0,13.0,6,0
5.82,0.36,0.0,48.0,13.0,10,1
5.82,0.36,0.0,48.0,13.0,18,0
5.82,0.36,0.0,48.0,13.0,6,0
5.82,0.36,0.0,48.0,13.0,13,0
5.82,0.36,0.0,48.0,13.0,16,1
5.82,0.36,0.0,48.0,13.0,16,1
5.82,0.36,0.0,48.0,13.0,12,1
5.82,0.36,0.0,48.0,13.0,7,1
5.82,0.36,0.0,48.0,13.0,15,0
5.82,0.36,0.0,48.0,13.0,7,0
5.82,0.36,0.0,48.0,13.0,8,0
5.82,0.36,0.0,48.0,13.0,18,0
5.82,0.36,0.0,48.0,13.0,8,0
5.82,0.36,0.0,48.0,13.0,16,0
5.82,0.36,0.0,48.0,13.0,19,1
5.82,0.36,0.0,48.0,13.0,12,0
5.82,0.36,0.0,48.0,13.0,7,0
5.82,0.36,0.0,48.0,13.0,20,1
5.82,0.36,0.0,48.0,13.0,12,0
5.82,0.36,0.0,48.0,13.0,7,1
5.82,0.36,0.0,48.0,13.0,19,0
5.82,0.36,0.0,48.0,13.0,8,1
5.82,0.36,0.0,48.0,13.0,19,1
5.82,0.36,0.0,48.0,13.0,8,0
5.82,0.36,0.0,48.0,13.0,17,0
5.82,0.36,0.0,48.0,13.0,7,0
5.82,0.36,0.0,48.0,13.0,11,0
5.82,0.36,0.0,48.0,13.0,7,0
5.82,0.36,0.0,48.0,13.0,17,1
5.82,0.36,0.0,48.0,13.0,10,0
5.82,0.36,0.0,48.0,13.0,7,0
5.82,0.36,0.0,48.0,13.0,8,0
5.82,0.36,0.0,48.0,13.0,19,1
5.82,0.36,0.0,48.0,13.0,11,0
5.82,0.36,0.0,48.0,13.0,19,1
5.82,0.36,0.0,48.0,13.0,7,0
5.82,0.36,0.0,48.0,13.0,8,1
5.82,0.36,0.0,48.0,13.0,8,0
5.82,0.36,0.0,48.0,13.0,14,0
5.82,0.36,0.0,48.0,13.0,19,0
5.82,0.36,0.0,48.0,13.0,15,0
5.82,0.36,0.0,48.0,13.0,19,0
5.82,0.36,0.0,48.0,13.0,18,0
5.82,0.36,0.0,48.0,13.0,16,0
5.82,0.36,0.0,48.0,13.0,19,1
5.82,0.36,0.0,48.0,13.0,9,0
5.82,0.36,0.0,48.0,13.0,7,0
5.82,0.36,0.0,48.0,13.0,15,0
5.82,0.36,0.0,48.0,13.0,16,0
5.82,0.36,0.0,48.0,13.0,11,0
5.82,0.36,0.0,48.0,13.0,15,1
5.82,0.36,0.0,48.0,13.0,19,0
5.82,0.36,0.0,48.0,13.0,9,0
5.82,0.36,0.0,48.0,13.0,15,0
5.82,0.36,0.0,48.0,13.0,15,0
5.82,0.36,0.0,48.0,13.0,12,0
5.82,0.36,0.0,48.0,13.0,15,1
5.82,0.36,0.0,48.0,13.0,8,0
5.82,0.36,0.0,48.0,13.0,19,0
5.82,0.36,0.0,48.0,13.0,11,1
5.82,0.36,0.0,48.0,13.0,12,0
6.49,0.01,0.0,51.0,13.0,7,0
6.49,0.01,0.0,51.0,13.0,17,0
6.49,0.01,0.0,51.0,13.0,9,0
6.49,0.01,0.0,51.0,13.0,19,1
6.49,0.01,0.0,51.0,13.0,18,1
6.49,0.01,0.0,51.0,13.0,10,0
6.49,0.01,0.0,51.0,13.0,17,0
6.49,0.01,0.0,51.0,13.0,8,0
6.49,0.01,0.0,51.0,13.0,10,0
6.49,0.01,0.0,51.0,13.0,6,0
6.49,0.01,0.0,51.0,13.0,10,1
6.49,0.01,0.0,51.0,13.0,18,1
6.49,0.01,0.0,51.0,13.0,6,0
6.49,0.01,0.0,51.0,13.0,13,0
6.49,0.01,0.0,51.0,13.0,16,0
6.49,0.01,0.0,51.0,13.0,16,0
6.49,0.01,0.0,51.0,13.0,12,0
6.49,0.01,0.0,51.0,13.0,7,0
6.49,0.01,0.0,51.0,13.0,15,1
6.49,0.01,0.0,51.0,13.0,7,0
6.49,0.01,0.0,51.0,13.0,8,0
6.49,0.01,0.0,51.0,13.0,18,0
6.49,0.01,0.0,51.0,13.0,8,0
6.49,0.01,0.0,51.0,13.0,16,1
6.49,0.01,0.0,51.0,13.0,19,1
6.49,0.01,0.0,51.0,13.0,12,0
6.49,0.01,0.0,51.0,13.0,7,1
6.49,0.01,0.0,51.0,13.0,21,1
6.49,0.01,0.0,51.0,13.0,12,0
6.49,0.01,0.0,51.0,13.0,7,0
6.49,0.01,0.0,51.0,13.0,19,1
6.49,0.01,0.0,51.0,13.0,8,0
6.49,0.01,0.0,51.0,13.0,19,0
6.49,0.01,0.0,51.0,13.0,8,0
6.49,0.01,0.0,51.0,13.0,17,0
6.49,0.01,0.0,51.0,13.0,7,0
6.49,0.01,0.0,51.0,13.0,11,0
6.49,0.01,0.0,51.0,13.0,7,0
6.49,0.01,0.0,51.0,13.0,17,0
6.49,0.01,0.0,51.0,13.0,10,0
6.49,0.01,0.0,51.0,13.0,19,0
6.49,0.01,0.0,51.0,13.0,7,0
6.49,0.01,0.0,51.0,13.0,19,1
6.49,0.01,0.0,51.0,13.0,11,0
6.49,0.01,0.0,51.0,13.0,19,1
6.49,0.01,0.0,51.0,13.0,7,0
6.49,0.01,0.0,51.0,13.0,8,0
6.49,0.01,0.0,51.0,13.0,8,1
6.49,0.01,0.0,51.0,13.0,14,0
6.49,0.01,0.0,51.0,13.0,19,1
6.49,0.01,0.0,51.0,13.0,15,1
6.49,0.01,0.0,51.0,13.0,19,0
6.49,0.01,0.0,51.0,13.0,19,1
6.49,0.01,0.0,51.0,13.0,16,1
6.49,0.01,0.0,51.0,13.0,19,1
6.49,0.01,0.0,51.0,13.0,7,0
6.49,0.01,0.0,51.0,13.0,15,0
6.49,0.01,0.0,51.0,13.0,16,1
6.49,0.01,0.0,51.0,13.0,11,1
6.49,0.01,0.0,51.0,13.0,15,1
6.49,0.01,0.0,51.0,13.0,19,1
6.49,0.01,0.0,51.0,13.0,9,0
6.49,0.01,0.0,51.0,13.0,15,1
6.49,0.01,0.0,51.0,13.0,15,1
6.49,0.01,0.0,51.0,13.0,12,1
6.49,0.01,0.0,51.0,13.0,15,1
6.49,0.01,0.0,51.0,13.0,8,0
6.49,0.01,0.0,51.0,13.0,19,0
6.49,0.01,0.0,51.0,13.0,11,1
6.49,0.01,0.0,51.0,13.0,9,0
6.26,0.05,0.0,49.0,12.1,7,0
6.26,0.05,0.0,49.0,12.1,17,1
6.26,0.05,0.0,49.0,12.1,9,0
6.26,0.05,0.0,49.0,12.1,19,1
6.26,0.05,0.0,49.0,12.1,18,0
6.26,0.05,0.0,49.0,12.1,10,0
6.26,0.05,0.0,49.0,12.1,17,0
6.26,0.05,0.0,49.0,12.1,8,0
6.26,0.05,0.0,49.0,12.1,10,0
6.26,0.05,0.0,49.0,12.1,6,0
6.26,0.05,0.0,49.0,12.1,10,0
6.26,0.05,0.0,49.0,12.1,18,0
6.26,0.05,0.0,49.0,12.1,6,0
6.26,0.05,0.0,49.0,12.1,13,0
6.26,0.05,0.0,49.0,12.1,16,0
6.26,0.05,0.0,49.0,12.1,12,0
6.26,0.05,0.0,49.0,12.1,7,0
6.26,0.05,0.0,49.0,12.1,7,1
6.26,0.05,0.0,49.0,12.1,8,0
6.26,0.05,0.0,49.0,12.1,18,0
6.26,0.05,0.0,49.0,12.1,8,0
6.26,0.05,0.0,49.0,12.1,16,0
6.26,0.05,0.0,49.0,12.1,19,0
6.26,0.05,0.0,49.0,12.1,10,0
6.26,0.05,0.0,49.0,12.1,7,0
6.26,0.05,0.0,49.0,12.1,20,0
6.26,0.05,0.0,49.0,12.1,12,1
6.26,0.05,0.0,49.0,12.1,7,0
6.26,0.05,0.0,49.0,12.1,16,0
6.26,0.05,0.0,49.0,12.1,8,0
6.26,0.05,0.0,49.0,12.1,19,1
6.26,0.05,0.0,49.0,12.1,8,0
6.26,0.05,0.0,49.0,12.1,17,0
6.26,0.05,0.0,49.0,12.1,7,0
6.26,0.05,0.0,49.0,12.1,14,0
6.26,0.05,0.0,49.0,12.1,11,0
6.26,0.05,0.0,49.0,12.1,7,0
6.26,0.05,0.0,49.0,12.1,17,0
6.26,0.05,0.0,49.0,12.1,10,1
6.26,0.05,0.0,49.0,12.1,19,1
6.26,0.05,0.0,49.0,12.1,7,0
6.26,0.05,0.0,49.0,12.1,19,0
6.26,0.05,0.0,49.0,12.1,19,1
6.26,0.05,0.0,49.0,12.1,7,0
6.26,0.05,0.0,49.0,12.1,8,1
6.26,0.05,0.0,49.0,12.1,8,0
6.26,0.05,0.0,49.0,12.1,14,0
6.26,0.05,0.0,49.0,12.1,19,1
6.26,0.05,0.0,49.0,12.1,15,0
6.26,0.05,0.0,49.0,12.1,19,1
6.26,0.05,0.0,49.0,12.1,18,0
6.26,0.05,0.0,49.0,12.1,16,0
6.26,0.05,0.0,49.0,12.1,19,0
6.26,0.05,0.0,49.0,12.1,7,0
6.26,0.05,0.0,49.0,12.1,15,0
6.26,0.05,0.0,49.0,12.1,16,0
6.26,0.05,0.0,49.0,12.1,11,0
6.26,0.05,0.0,49.0,12.1,19,0
6.26,0.05,0.0,49.0,12.1,11,0
6.26,0.05,0.0,49.0,12.1,15,1
6.26,0.05,0.0,49.0,12.1,19,1
6.26,0.05,0.0,49.0,12.1,9,0
6.26,0.05,0.0,49.0,12.1,15,0
6.26,0.05,0.0,49.0,12.1,15,1
6.26,0.05,0.0,49.0,12.1,12,0
6.26,0.05,0.0,49.0,12.1,15,1
6.26,0.05,0.0,49.0,12.1,8,0
6.26,0.05,0.0,49.0,12.1,19,0
6.26,0.05,0.0,49.0,12.1,11,0
8.05,0.25,0.0,44.0,17.0,7,0
8.05,0.25,0.0,44.0,17.0,17,1
8.05,0.25,0.0,44.0,17.0,9,0
8.05,0.25,0.0,44.0,17.0,19,1
8.05,0.25,0.0,44.0,17.0,18,1
8.05,0.25,0.0,44.0,17.0,10,1
8.05,0.25,0.0,44.0,17.0,17,0
8.05,0.25,0.0,44.0,17.0,8,1
8.05,0.25,0.0,44.0,17.0,10,0
8.05,0.25,0.0,44.0,17.0,6,0
8.05,0.25,0.0,44.0,17.0,10,1
8.05,0.25,0.0,44.0,17.0,18,0
8.05,0.25,0.0,44.0,17.0,6,0
8.05,0.25,0.0,44.0,17.0,13,0
8.05,0.25,0.0,44.0,17.0,16,1
8.05,0.25,0.0,44.0,17.0,16,0
8.05,0.25,0.0,44.0,17.0,12,0
8.05,0.25,0.0,44.0,17.0,7,0
8.05,0.25,0.0,44.0,17.0,15,0
8.05,0.25,0.0,44.0,17.0,7,0
8.05,0.25,0.0,44.0,17.0,8,0
8.05,0.25,0.0,44.0,17.0,18,1
8.05,0.25,0.0,44.0,17.0,8,1
8.05,0.25,0.0,44.0,17.0,16,0
8.05,0.25,0.0,44.0,17.0,19,1
8.05,0.25,0.0,44.0,17.0,10,0
8.05,0.25,0.0,44.0,17.0,7,0
8.05,0.25,0.0,44.0,17.0,20,0
8.05,0.25,0.0,44.0,17.0,12,1
8.05,0.25,0.0,44.0,17.0,7,0
8.05,0.25,0.0,44.0,17.0,19,0
8.05,0.25,0.0,44.0,17.0,8,1
8.05,0.25,0.0,44.0,17.0,19,0
8.05,0.25,0.0,44.0,17.0,8,0
8.05,0.25,0.0,44.0,17.0,17,1
8.05,0.25,0.0,44.0,17.0,7,0
8.05,0.25,0.0,44.0,17.0,14,0
8.05,0.25,0.0,44.0,17.0,11,0
8.05,0.25,0.0,44.0,17.0,7,0
8.05,0.25,0.0,44.0,17.0,17,0
8.05,0.25,0.0,44.0,17.0,10,0
8.05,0.25,0.0,44.0,17.0,19,0
8.05,0.25,0.0,44.0,17.0,7,0
8.05,0.25,0.0,44.0,17.0,19,0
8.05,0.25,0.0,44.0,17.0,19,0
8.05,0.25,0.0,44.0,17.0,7,0
8.05,0.25,0.0,44.0,17.0,8,0
8.05,0.25,0.0,44.0,17.0,8,0
8.05,0.25,0.0,44.0,17.0,14,1
8.05,0.25,0.0,44.0,17.0,19,1
8.05,0.25,0.0,44.0,17.0,15,0
8.05,0.25,0.0,44.0,17.0,19,0
8.05,0.25,0.0,44.0,17.0,18,0
8.05,0.25,0.0,44.0,17.0,16,0
8.05,0.25,0.0,44.0,17.0,19,0
8.05,0.25,0.0,44.0,17.0,7,0
8.05,0.25,0.0,44.0,17.0,15,0
8.05,0.25,0.0,44.0,17.0,16,0
8.05,0.25,0.0,44.0,17.0,11,0
8.05,0.25,0.0,44.0,17.0,11,0
8.05,0.25,0.0,44.0,17.0,15,0
8.05,0.25,0.0,44.0,17.0,19,0
8.05,0.25,0.0,44.0,17.0,9,1
8.05,0.25,0.0,44.0,17.0,15,0
8.05,0.25,0.0,44.0,17.0,15,0
8.05,0.25,0.0,44.0,17.0,12,0
8.05,0.25,0.0,44.0,17.0,15,1
8.05,0.25,0.0,44.0,17.0,8,0
8.05,0.25,0.0,44.0,17.0,19,0
8.05,0.25,0.0,44.0,17.0,11,0
12.08,0.0,0.0,41.0,19.9,17,0
12.08,0.0,0.0,41.0,19.9,7,0
12.08,0.0,0.0,41.0,19.9,18,0
12.08,0.0,0.0,41.0,19.9,9,0
12.08,0.0,0.0,41.0,19.9,19,0
12.08,0.0,0.0,41.0,19.9,18,0
12.08,0.0,0.0,41.0,19.9,10,1
12.08,0.0,0.0,41.0,19.9,8,0
12.08,0.0,0.0,41.0,19.9,10,0
12.08,0.0,0.0,41.0,19.9,6,0
12.08,0.0,0.0,41.0,19.9,19,1
12.08,0.0,0.0,41.0,19.9,10,0
12.08,0.0,0.0,41.0,19.9,18,0
12.08,0.0,0.0,41.0,19.9,6,0
12.08,0.0,0.0,41.0,19.9,13,0
12.08,0.0,0.0,41.0,19.9,16,1
12.08,0.0,0.0,41.0,19.9,17,0
12.08,0.0,0.0,41.0,19.9,12,0
12.08,0.0,0.0,41.0,19.9,7,0
12.08,0.0,0.0,41.0,19.9,15,0
12.08,0.0,0.0,41.0,19.9,8,0
12.08,0.0,0.0,41.0,19.9,8,0
12.08,0.0,0.0,41.0,19.9,18,0
12.08,0.0,0.0,41.0,19.9,8,1
12.08,0.0,0.0,41.0,19.9,16,0
12.08,0.0,0.0,41.0,19.9,19,1
12.08,0.0,0.0,41.0,19.9,11,0
12.08,0.0,0.0,41.0,19.9,7,0
12.08,0.0,0.0,41.0,19.9,7,0
12.08,0.0,0.0,41.0,19.9,20,1
12.08,0.0,0.0,41.0,19.9,12,0
12.08,0.0,0.0,41.0,19.9,7,1
12.08,0.0,0.0,41.0,19.9,19,0
12.08,0.0,0.0,41.0,19.9,8,0
12.08,0.0,0.0,41.0,19.9,19,0
12.08,0.0,0.0,41.0,19.9,8,0
12.08,0.0,0.0,41.0,19.9,17,0
12.08,0.0,0.0,41.0,19.9,7,0
12.08,0.0,0.0,41.0,19.9,18,1
12.08,0.0,0.0,41.0,19.9,11,0
12.08,0.0,0.0,41.0,19.9,7,0
12.08,0.0,0.0,41.0,19.9,17,0
12.08,0.0,0.0,41.0,19.9,10,0
12.08,0.0,0.0,41.0,19.9,19,1
12.08,0.0,0.0,41.0,19.9,7,0
12.08,0.0,0.0,41.0,19.9,8,0
12.08,0.0,0.0,41.0,19.9,19,1
12.08,0.0,0.0,41.0,19.9,19,0
12.08,0.0,0.0,41.0,19.9,7,0
12.08,0.0,0.0,41.0,19.9,8,1
12.08,0.0,0.0,41.0,19.9,14,0
12.08,0.0,0.0,41.0,19.9,19,1
12.08,0.0,0.0,41.0,19.9,19,1
12.08,0.0,0.0,41.0,19.9,18,0
12.08,0.0,0.0,41.0,19.9,19,1
12.08,0.0,0.0,41.0,19.9,9,0
12.08,0.0,0.0,41.0,19.9,7,0
12.08,0.0,0.0,41.0,19.9,15,1
12.08,0.0,0.0,41.0,19.9,15,0
12.08,0.0,0.0,41.0,19.9,11,0
12.08,0.0,0.0,41.0,19.9,11,0
12.08,0.0,0.0,41.0,19.9,15,1
12.08,0.0,0.0,41.0,19.9,19,0
12.08,0.0,0.0,41.0,19.9,15,0
12.08,0.0,0.0,41.0,19.9,15,0
12.08,0.0,0.0,41.0,19.9,12,0
12.08,0.0,0.0,41.0,19.9,15,1
12.08,0.0,0.0,41.0,19.9,8,0
12.08,0.0,0.0,41.0,19.9,19,1
12.08,0.0,0.0,41.0,19.9,11,0
9.17,0.0,0.0,37.0,17.0,17,1
9.17,0.0,0.0,37.0,17.0,7,0
9.17,0.0,0.0,37.0,17.0,18,0
9.17,0.0,0.0,37.0,17.0,9,0
9.17,0.0,0.0,37.0,17.0,19,1
9.17,0.0,0.0,37.0,17.0,18,0
9.17,0.0,0.0,37.0,17.0,10,0
9.17,0.0,0.0,37.0,17.0,15,0
9.17,0.0,0.0,37.0,17.0,8,1
9.17,0.0,0.0,37.0,17.0,6,1
9.17,0.0,0.0,37.0,17.0,19,1
9.17,0.0,0.0,37.0,17.0,10,0
9.17,0.0,0.0,37.0,17.0,11,0
9.17,0.0,0.0,37.0,17.0,18,1
9.17,0.0,0.0,37.0,17.0,6,0
9.17,0.0,0.0,37.0,17.0,11,0
9.17,0.0,0.0,37.0,17.0,13,0
9.17,0.0,0.0,37.0,17.0,16,0
9.17,0.0,0.0,37.0,17.0,17,0
9.17,0.0,0.0,37.0,17.0,12,0
9.17,0.0,0.0,37.0,17.0,7,0
9.17,0.0,0.0,37.0,17.0,21,0
9.17,0.0,0.0,37.0,17.0,7,0
9.17,0.0,0.0,37.0,17.0,8,0
9.17,0.0,0.0,37.0,17.0,18,1
9.17,0.0,0.0,37.0,17.0,8,0
9.17,0.0,0.0,37.0,17.0,16,1
9.17,0.0,0.0,37.0,17.0,20,1
9.17,0.0,0.0,37.0,17.0,11,0
9.17,0.0,0.0,37.0,17.0,7,0
9.17,0.0,0.0,37.0,17.0,7,0
9.17,0.0,0.0,37.0,17.0,20,0
9.17,0.0,0.0,37.0,17.0,17,0
9.17,0.0,0.0,37.0,17.0,12,0
9.17,0.0,0.0,37.0,17.0,7,1
9.17,0.0,0.0,37.0,17.0,19,0
9.17,0.0,0.0,37.0,17.0,8,0
9.17,0.0,0.0,37.0,17.0,19,1
9.17,0.0,0.0,37.0,17.0,8,0
9.17,0.0,0.0,37.0,17.0,17,1
9.17,0.0,0.0,37.0,17.0,12,0
9.17,0.0,0.0,37.0,17.0,7,0
9.17,0.0,0.0,37.0,17.0,18,1
9.17,0.0,0.0,37.0,17.0,16,0
9.17,0.0,0.0,37.0,17.0,14,0
9.17,0.0,0.0,37.0,17.0,11,0
9.17,0.0,0.0,37.0,17.0,7,0
9.17,0.0,0.0,37.0,17.0,16,0
9.17,0.0,0.0,37.0,17.0,10,0
9.17,0.0,0.0,37.0,17.0,19,0
9.17,0.0,0.0,37.0,17.0,7,0
9.17,0.0,0.0,37.0,17.0,8,0
9.17,0.0,0.0,37.0,17.0,8,0
9.17,0.0,0.0,37.0,17.0,19,0
9.17,0.0,0.0,37.0,17.0,21,0
9.17,0.0,0.0,37.0,17.0,19,1
9.17,0.0,0.0,37.0,17.0,7,0
9.17,0.0,0.0,37.0,17.0,8,0
9.17,0.0,0.0,37.0,17.0,13,0
9.17,0.0,0.0,37.0,17.0,18,1
9.17,0.0,0.0,37.0,17.0,15,1
9.17,0.0,0.0,37.0,17.0,19,1
9.17,0.0,0.0,37.0,17.0,18,0
9.17,0.0,0.0,37.0,17.0,19,0
9.17,0.0,0.0,37.0,17.0,10,0
9.17,0.0,0.0,37.0,17.0,7,0
9.17,0.0,0.0,37.0,17.0,15,1
9.17,0.0,0.0,37.0,17.0,15,0
9.17,0.0,0.0,37.0,17.0,11,0
9.17,0.0,0.0,37.0,17.0,8,0
9.17,0.0,0.0,37.0,17.0,15,0
9.17,0.0,0.0,37.0,17.0,19,1
9.17,0.0,0.0,37.0,17.0,15,1
9.17,0.0,0.0,37.0,17.0,15,0
9.17,0.0,0.0,37.0,17.0,12,0
9.17,0.0,0.0,37.0,17.0,15,0
9.17,0.0,0.0,37.0,17.0,8,0
9.17,0.0,0.0,37.0,17.0,19,0
9.17,0.0,0.0,37.0,17.0,11,0
9.17,0.0,0.0,37.0,17.0,16,0
9.17,0.0,0.0,37.0,17.0,8,0
9.84,0.02,0.0,40.0,18.1,9,0
9.84,0.02,0.0,40.0,18.1,7,0
9.84,0.02,0.0,40.0,18.1,17,0
9.84,0.02,0.0,40.0,18.1,21,0
9.84,0.02,0.0,40.0,18.1,14,0
9.84,0.02,0.0,40.0,18.1,18,1
9.84,0.02,0.0,40.0,18.1,15,1
9.84,0.02,0.0,40.0,18.1,11,0
9.84,0.02,0.0,40.0,18.1,19,0
9.84,0.02,0.0,40.0,18.1,9,0
9.84,0.02,0.0,40.0,18.1,16,0
9.84,0.02,0.0,40.0,18.1,8,0
9.84,0.02,0.0,40.0,18.1,11,0
9.84,0.02,0.0,40.0,18.1,21,1
9.84,0.02,0.0,40.0,18.1,7,0
9.84,0.02,0.0,40.0,18.1,19,0
9.84,0.02,0.0,40.0,18.1,12,0
9.84,0.02,0.0,40.0,18.1,7,0
9.84,0.02,0.0,40.0,18.1,16,0
9.84,0.02,0.0,40.0,18.1,15,1
9.84,0.02,0.0,40.0,18.1,7,0
9.84,0.02,0.0,40.0,18.1,7,0
9.84,0.02,0.0,40.0,18.1,18,1
9.84,0.02,0.0,40.0,18.1,17,0
9.84,0.02,0.0,40.0,18.1,13,0
9.84,0.02,0.0,40.0,18.1,11,0
9.84,0.02,0.0,40.0,18.1,10,0
9.84,0.02,0.0,40.0,18.1,8,0
9.84,0.02,0.0,40.0,18.1,18,1
9.84,0.02,0.0,40.0,18.1,7,0
9.84,0.02,0.0,40.0,18.1,8,0
9.84,0.02,0.0,40.0,18.1,15,1
9.84,0.02,0.0,40.0,18.1,18,0
9.84,0.02,0.0,40.0,18.1,10,0
9.84,0.02,0.0,40.0,18.1,13,1
9.84,0.02,0.0,40.0,18.1,7,0
9.84,0.02,0.0,40.0,18.1,7,0
9.84,0.02,0.0,40.0,18.1,16,1
9.84,0.02,0.0,40.0,18.1,19,0
9.84,0.02,0.0,40.0,18.1,16,1
9.84,0.02,0.0,40.0,18.1,17,0
9.84,0.02,0.0,40.0,18.1,7,1
9.84,0.02,0.0,40.0,18.1,11,0
9.84,0.02,0.0,40.0,18.1,11,1
9.84,0.02,0.0,40.0,18.1,7,1
9.84,0.02,0.0,40.0,18.1,12,0
9.84,0.02,0.0,40.0,18.1,11,1
9.84,0.02,0.0,40.0,18.1,8,0
9.84,0.02,0.0,40.0,18.1,13,0
9.84,0.02,0.0,40.0,18.1,19,1
9.84,0.02,0.0,40.0,18.1,20,0
9.84,0.02,0.0,40.0,18.1,11,0
9.84,0.02,0.0,40.0,18.1,7,0
9.84,0.02,0.0,40.0,18.1,19,1
9.84,0.02,0.0,40.0,18.1,9,0
9.84,0.02,0.0,40.0,18.1,12,0
9.84,0.02,0.0,40.0,18.1,15,1
9.84,0.02,0.0,40.0,18.1,19,0
9.84,0.02,0.0,40.0,18.1,19,1
9.84,0.02,0.0,40.0,18.1,15,0
9.84,0.02,0.0,40.0,18.1,18,1
9.84,0.02,0.0,40.0,18.1,8,1
9.84,0.02,0.0,40.0,18.1,8,0
9.84,0.02,0.0,40.0,18.1,11,1
9.84,0.02,0.0,40.0,18.1,21,0
9.84,0.02,0.0,40.0,18.1,6,1
9.84,0.02,0.0,40.0,18.1,6,1
9.84,0.02,0.0,40.0,18.1,20,0
9.84,0.02,0.0,40.0,18.1,19,1
9.84,0.02,0.0,40.0,18.1,17,0
9.84,0.02,0.0,40.0,18.1,17,1
9.84,0.02,0.0,40.0,18.1,15,0
9.84,0.02,0.0,40.0,18.1,16,0
9.62,0.0,0.0,39.0,18.1,9,0
9.62,0.0,0.0,39.0,18.1,7,0
9.62,0.0,0.0,39.0,18.1,17,0
9.62,0.0,0.0,39.0,18.1,21,1
9.62,0.0,0.0,39.0,18.1,14,0
9.62,0.0,0.0,39.0,18.1,16,0
9.62,0.0,0.0,39.0,18.1,18,1
9.62,0.0,0.0,39.0,18.1,15,0
9.62,0.0,0.0,39.0,18.1,11,0
9.62,0.0,0.0,39.0,18.1,19,0
9.62,0.0,0.0,39.0,18.1,16,0
9.62,0.0,0.0,39.0,18.1,8,1
9.62,0.0,0.0,39.0,18.1,11,1
9.62,0.0,0.0,39.0,18.1,7,0
9.62,0.0,0.0,39.0,18.1,19,1
9.62,0.0,0.0,39.0,18.1,12,0
9.62,0.0,0.0,39.0,18.1,16,0
9.62,0.0,0.0,39.0,18.1,15,0
9.62,0.0,0.0,39.0,18.1,7,0
9.62,0.0,0.0,39.0,18.1,7,0
9.62,0.0,0.0,39.0,18.1,18,1
9.62,0.0,0.0,39.0,18.1,17,1
9.62,0.0,0.0,39.0,18.1,13,0
9.62,0.0,0.0,39.0,18.1,12,0
9.62,0.0,0.0,39.0,18.1,10,0
9.62,0.0,0.0,39.0,18.1,8,0
9.62,0.0,0.0,39.0,18.1,18,0
9.62,0.0,0.0,39.0,18.1,8,0
9.62,0.0,0.0,39.0,18.1,8,0
9.62,0.0,0.0,39.0,18.1,9,0
9.62,0.0,0.0,39.0,18.1,15,0
9.62,0.0,0.0,39.0,18.1,18,1
9.62,0.0,0.0,39.0,18.1,10,0
9.62,0.0,0.0,39.0,18.1,13,0
9.62,0.0,0.0,39.0,18.1,7,0
9.62,0.0,0.0,39.0,18.1,7,0
9.62,0.0,0.0,39.0,18.1,6,1
9.62,0.0,0.0,39.0,18.1,16,1
9.62,0.0,0.0,39.0,18.1,19,1
9.62,0.0,0.0,39.0,18.1,16,1
9.62,0.0,0.0,39.0,18.1,17,0
9.62,0.0,0.0,39.0,18.1,7,0
9.62,0.0,0.0,39.0,18.1,11,0
9.62,0.0,0.0,39.0,18.1,12,0
9.62,0.0,0.0,39.0,18.1,11,0
9.62,0.0,0.0,39.0,18.1,7,0
9.62,0.0,0.0,39.0,18.1,12,0
9.62,0.0,0.0,39.0,18.1,11,1
9.62,0.0,0.0,39.0,18.1,8,0
9.62,0.0,0.0,39.0,18.1,13,0
9.62,0.0,0.0,39.0,18.1,19,0
9.62,0.0,0.0,39.0,18.1,19,1
9.62,0.0,0.0,39.0,18.1,11,0
9.62,0.0,0.0,39.0,18.1,7,0
9.62,0.0,0.0,39.0,18.1,18,1
9.62,0.0,0.0,39.0,18.1,9,1
9.62,0.0,0.0,39.0,18.1,19,1
9.62,0.0,0.0,39.0,18.1,19,1
9.62,0.0,0.0,39.0,18.1,15,0
9.62,0.0,0.0,39.0,18.1,18,1
9.62,0.0,0.0,39.0,18.1,8,0
9.62,0.0,0.0,39.0,18.1,8,0
9.62,0.0,0.0,39.0,18.1,21,1
9.62,0.0,0.0,39.0,18.1,6,0
9.62,0.0,0.0,39.0,18.1,16,0
9.62,0.0,0.0,39.0,18.1,6,0
9.62,0.0,0.0,39.0,18.1,20,0
9.62,0.0,0.0,39.0,18.1,19,1
9.62,0.0,0.0,39.0,18.1,17,0
9.62,0.0,0.0,39.0,18.1,7,1
9.62,0.0,0.0,39.0,18.1,7,0
9.62,0.0,0.0,39.0,18.1,17,1
9.62,0.0,0.0,39.0,18.1,15,0
9.62,0.0,0.0,39.0,18.1,16,1
7.83,0.0,0.0,38.0,14.1,9,1
7.83,0.0,0.0,38.0,14.1,7,1
7.83,0.0,0.0,38.0,14.1,17,0
7.83,0.0,0.0,38.0,14.1,21,0
7.83,0.0,0.0,38.0,14.1,14,1
7.83,0.0,0.0,38.0,14.1,16,1
7.83,0.0,0.0,38.0,14.1,16,1
7.83,0.0,0.0,38.0,14.1,18,0
7.83,0.0,0.0,38.0,14.1,15,0
7.83,0.0,0.0,38.0,14.1,11,0
7.83,0.0,0.0,38.0,14.1,19,1
7.83,0.0,0.0,38.0,14.1,16,0
7.83,0.0,0.0,38.0,14.1,8,1
7.83,0.0,0.0,38.0,14.1,11,0
7.83,0.0,0.0,38.0,14.1,7,0
7.83,0.0,0.0,38.0,14.1,19,0
7.83,0.0,0.0,38.0,14.1,12,0
7.83,0.0,0.0,38.0,14.1,16,0
7.83,0.0,0.0,38.0,14.1,15,0
7.83,0.0,0.0,38.0,14.1,7,0
7.83,0.0,0.0,38.0,14.1,7,0
7.83,0.0,0.0,38.0,14.1,18,1
7.83,0.0,0.0,38.0,14.1,17,0
7.83,0.0,0.0,38.0,14.1,13,0
7.83,0.0,0.0,38.0,14.1,12,1
7.83,0.0,0.0,38.0,14.1,10,1
7.83,0.0,0.0,38.0,14.1,8,1
7.83,0.0,0.0,38.0,14.1,18,0
7.83,0.0,0.0,38.0,14.1,8,1
7.83,0.0,0.0,38.0,14.1,8,1
7.83,0.0,0.0,38.0,14.1,9,1
7.83,0.0,0.0,38.0,14.1,15,0
7.83,0.0,0.0,38.0,14.1,18,0
7.83,0.0,0.0,38.0,14.1,10,1
7.83,0.0,0.0,38.0,14.1,13,1
7.83,0.0,0.0,38.0,14.1,7,1
7.83,0.0,0.0,38.0,14.1,7,1
7.83,0.0,0.0,38.0,14.1,6,0
7.83,0.0,0.0,38.0,14.1,16,1
7.83,0.0,0.0,38.0,14.1,19,1
7.83,0.0,0.0,38.0,14.1,16,1
7.83,0.0,0.0,38.0,14.1,17,1
7.83,0.0,0.0,38.0,14.1,7,1
7.83,0.0,0.0,38.0,14.1,11,1
7.83,0.0,0.0,38.0,14.1,12,0
7.83,0.0,0.0,38.0,14.1,11,0
7.83,0.0,0.0,38.0,14.1,7,1
7.83,0.0,0.0,38.0,14.1,12,1
7.83,0.0,0.0,38.0,14.1,11,1
7.83,0.0,0.0,38.0,14.1,8,1
7.83,0.0,0.0,38.0,14.1,13,1
7.83,0.0,0.0,38.0,14.1,19,1
7.83,0.0,0.0,38.0,14.1,19,1
7.83,0.0,0.0,38.0,14.1,11,0
7.83,0.0,0.0,38.0,14.1,7,1
7.83,0.0,0.0,38.0,14.1,18,1
7.83,0.0,0.0,38.0,14.1,9,1
7.83,0.0,0.0,38.0,14.1,19,1
7.83,0.0,0.0,38.0,14.1,19,1
7.83,0.0,0.0,38.0,14.1,15,1
7.83,0.0,0.0,38.0,14.1,18,1
7.83,0.0,0.0,38.0,14.1,8,1
7.83,0.0,0.0,38.0,14.1,8,1
7.83,0.0,0.0,38.0,14.1,21,0
7.83,0.0,0.0,38.0,14.1,6,0
7.83,0.0,0.0,38.0,14.1,16,0
7.83,0.0,0.0,38.0,14.1,6,0
7.83,0.0,0.0,38.0,14.1,20,1
7.83,0.0,0.0,38.0,14.1,19,1
7.83,0.0,0.0,38.0,14.1,17,0
7.83,0.0,0.0,38.0,14.1,7,0
7.83,0.0,0.0,38.0,14.1,7,0
7.83,0.0,0.0,38.0,14.1,17,1
7.83,0.0,0.0,38.0,14.1,15,0
7.83,0.0,0.0,38.0,14.1,16,1
11.86,0.27,0.0,42.0,29.1,9,0
11.86,0.27,0.0,42.0,29.1,19,1
11.86,0.27,0.0,42.0,29.1,7,0
11.86,0.27,0.0,42.0,29.1,17,0
11.86,0.27,0.0,42.0,29.1,21,1
11.86,0.27,0.0,42.0,29.1,18,1
11.86,0.27,0.0,42.0,29.1,14,0
11.86,0.27,0.0,42.0,29.1,16,0
11.86,0.27,0.0,42.0,29.1,18,0
11.86,0.27,0.0,42.0,29.1,15,0
11.86,0.27,0.0,42.0,29.1,11,0
11.86,0.27,0.0,42.0,29.1,19,1
11.86,0.27,0.0,42.0,29.1,19,1
11.86,0.27,0.0,42.0,29.1,16,1
11.86,0.27,0.0,42.0,29.1,8,0
11.86,0.27,0.0,42.0,29.1,11,0
11.86,0.27,0.0,42.0,29.1,21,1
11.86,0.27,0.0,42.0,29.1,7,0
11.86,0.27,0.0,42.0,29.1,19,1
11.86,0.27,0.0,42.0,29.1,12,0
11.86,0.27,0.0,42.0,29.1,16,0
11.86,0.27,0.0,42.0,29.1,15,1
11.86,0.27,0.0,42.0,29.1,7,0
11.86,0.27,0.0,42.0,29.1,7,0
11.86,0.27,0.0,42.0,29.1,18,0
11.86,0.27,0.0,42.0,29.1,17,0
11.86,0.27,0.0,42.0,29.1,13,0
11.86,0.27,0.0,42.0,29.1,12,0
11.86,0.27,0.0,42.0,29.1,10,0
11.86,0.27,0.0,42.0,29.1,9,0
11.86,0.27,0.0,42.0,29.1,18,1
11.86,0.27,0.0,42.0,29.1,8,1
11.86,0.27,0.0,42.0,29.1,8,0
11.86,0.27,0.0,42.0,29.1,9,1
11.86,0.27,0.0,42.0,29.1,15,0
11.86,0.27,0.0,42.0,29.1,18,0
11.86,0.27,0.0,42.0,29.1,10,0
11.86,0.27,0.0,42.0,29.1,13,0
11.86,0.27,0.0,42.0,29.1,7,0
11.86,0.27,0.0,42.0,29.1,7,1
11.86,0.27,0.0,42.0,29.1,6,0
11.86,0.27,0.0,42.0,29.1,16,0
11.86,0.27,0.0,42.0,29.1,19,0
11.86,0.27,0.0,42.0,29.1,16,0
11.86,0.27,0.0,42.0,29.1,17,1
11.86,0.27,0.0,42.0,29.1,7,0
11.86,0.27,0.0,42.0,29.1,11,0
11.86,0.27,0.0,42.0,29.1,12,0
11.86,0.27,0.0,42.0,29.1,11,0
11.86,0.27,0.0,42.0,29.1,7,1
11.86,0.27,0.0,42.0,29.1,12,0
11.86,0.27,0.0,42.0,29.1,11,0
11.86,0.27,0.0,42.0,29.1,8,0
11.86,0.27,0.0,42.0,29.1,13,0
11.86,0.27,0.0,42.0,29.1,19,0
11.86,0.27,0.0,42.0,29.1,19,1
11.86,0.27,0.0,42.0,29.1,11,0
11.86,0.27,0.0,42.0,29.1,7,0
11.86,0.27,0.0,42.0,29.1,19,0
11.86,0.27,0.0,42.0,29.1,9,0
11.86,0.27,0.0,42.0,29.1,19,1
11.86,0.27,0.0,42.0,29.1,19,0
11.86,0.27,0.0,42.0,29.1,15,0
11.86,0.27,0.0,42.0,29.1,18,0
11.86,0.27,0.0,42.0,29.1,8,1
11.86,0.27,0.0,42.0,29.1,8,0
11.86,0.27,0.0,42.0,29.1,11,0
11.86,0.27,0.0,42.0,29.1,21,1
11.86,0.27,0.0,42.0,29.1,6,0
11.86,0.27,0.0,42.0,29.1,16,1
11.86,0.27,0.0,42.0,29.1,6,0
11.86,0.27,0.0,42.0,29.1,20,1
11.86,0.27,0.0,42.0,29.1,19,1
11.86,0.27,0.0,42.0,29.1,17,0
11.86,0.27,0.0,42.0,29.1,7,0
11.86,0.27,0.0,42.0,29.1,7,0
11.86,0.27,0.0,42.0,29.1,17,0
11.86,0.27,0.0,42.0,29.1,15,0
11.86,0.27,0.0,42.0,29.1,16,0
19.01,0.03,0.0,49.0,31.1,9,0
19.01,0.03,0.0,49.0,31.1,19,1
19.01,0.03,0.0,49.0,31.1,7,0
19.01,0.03,0.0,49.0,31.1,17,0
19.01,0.03,0.0,49.0,31.1,21,1
19.01,0.03,0.0,49.0,31.1,18,0
19.01,0.03,0.0,49.0,31.1,14,0
19.01,0.03,0.0,49.0,31.1,16,0
19.01,0.03,0.0,49.0,31.1,18,0
19.01,0.03,0.0,49.0,31.1,15,1
19.01,0.03,0.0,49.0,31.1,11,0
19.01,0.03,0.0,49.0,31.1,19,1
19.01,0.03,0.0,49.0,31.1,19,0
19.01,0.03,0.0,49.0,31.1,16,1
19.01,0.03,0.0,49.0,31.1,8,0
19.01,0.03,0.0,49.0,31.1,11,0
19.01,0.03,0.0,49.0,31.1,21,1
19.01,0.03,0.0,49.0,31.1,7,1
19.01,0.03,0.0,49.0,31.1,19,1
19.01,0.03,0.0,49.0,31.1,12,0
19.01,0.03,0.0,49.0,31.1,16,1
19.01,0.03,0.0,49.0,31.1,15,0
19.01,0.03,0.0,49.0,31.1,7,0
19.01,0.03,0.0,49.0,31.1,7,0
19.01,0.03,0.0,49.0,31.1,18,0
19.01,0.03,0.0,49.0,31.1,17,1
19.01,0.03,0.0,49.0,31.1,13,0
19.01,0.03,0.0,49.0,31.1,12,1
19.01,0.03,0.0,49.0,31.1,10,0
19.01,0.03,0.0,49.0,31.1,8,0
19.01,0.03,0.0,49.0,31.1,18,0
19.01,0.03,0.0,49.0,31.1,8,1
19.01,0.03,0.0,49.0,31.1,8,1
19.01,0.03,0.0,49.0,31.1,9,0
19.01,0.03,0.0,49.0,31.1,15,1
19.01,0.03,0.0,49.0,31.1,18,0
19.01,0.03,0.0,49.0,31.1,10,0
19.01,0.03,0.0,49.0,31.1,13,1
19.01,0.03,0.0,49.0,31.1,7,0
19.01,0.03,0.0,49.0,31.1,7,1
19.01,0.03,0.0,49.0,31.1,6,0
19.01,0.03,0.0,49.0,31.1,16,0
19.01,0.03,0.0,49.0,31.1,20,1
19.01,0.03,0.0,49.0,31.1,16,1
19.01,0.03,0.0,49.0,31.1,17,1
19.01,0.03,0.0,49.0,31.1,7,0
19.01,0.03,0.0,49.0,31.1,11,0
19.01,0.03,0.0,49.0,31.1,12,0
19.01,0.03,0.0,49.0,31.1,11,1
19.01,0.03,0.0,49.0,31.1,7,0
19.01,0.03,0.0,49.0,31.1,12,1
19.01,0.03,0.0,49.0,31.1,11,1
19.01,0.03,0.0,49.0,31.1,8,1
19.01,0.03,0.0,49.0,31.1,13,0
19.01,0.03,0.0,49.0,31.1,19,1
19.01,0.03,0.0,49.0,31.1,19,1
19.01,0.03,0.0,49.0,31.1,11,0
19.01,0.03,0.0,49.0,31.1,7,0
19.01,0.03,0.0,49.0,31.1,19,1
19.01,0.03,0.0,49.0,31.1,9,0
19.01,0.03,0.0,49.0,31.1,19,1
19.01,0.03,0.0,49.0,31.1,19,1
19.01,0.03,0.0,49.0,31.1,15,0
19.01,0.03,0.0,49.0,31.1,18,1
19.01,0.03,0.0,49.0,31.1,8,1
19.01,0.03,0.0,49.0,31.1,8,1
19.01,0.03,0.0,49.0,31.1,11,0
19.01,0.03,0.0,49.0,31.1,21,1
19.01,0.03,0.0,49.0,31.1,6,1
19.01,0.03,0.0,49.0,31.1,16,1
19.01,0.03,0.0,49.0,31.1,6,0
19.01,0.03,0.0,49.0,31.1,20,0
19.01,0.03,0.0,49.0,31.1,19,1
19.01,0.03,0.0,49.0,31.1,17,0
19.01,0.03,0.0,49.0,31.1,7,1
19.01,0.03,0.0,49.0,31.1,7,0
19.01,0.03,0.0,49.0,31.1,17,1
19.01,0.03,0.0,49.0,31.1,15,1
19.01,0.03,0.0,49.0,31.1,16,0
22.59,0.0,0.0,35.0,32.0,9,0
22.59,0.0,0.0,35.0,32.0,7,0
22.59,0.0,0.0,35.0,32.0,17,1
22.59,0.0,0.0,35.0,32.0,21,0
22.59,0.0,0.0,35.0,32.0,14,1
22.59,0.0,0.0,35.0,32.0,16,0
22.59,0.0,0.0,35.0,32.0,18,1
22.59,0.0,0.0,35.0,32.0,15,1
22.59,0.0,0.0,35.0,32.0,11,0
22.59,0.0,0.0,35.0,32.0,19,1
22.59,0.0,0.0,35.0,32.0,16,0
22.59,0.0,0.0,35.0,32.0,9,1
22.59,0.0,0.0,35.0,32.0,11,1
22.59,0.0,0.0,35.0,32.0,7,0
22.59,0.0,0.0,35.0,32.0,19,1
22.59,0.0,0.0,35.0,32.0,12,0
22.59,0.0,0.0,35.0,32.0,16,0
22.59,0.0,0.0,35.0,32.0,15,0
22.59,0.0,0.0,35.0,32.0,7,0
22.59,0.0,0.0,35.0,32.0,7,0
22.59,0.0,0.0,35.0,32.0,18,0
22.59,0.0,0.0,35.0,32.0,17,1
22.59,0.0,0.0,35.0,32.0,11,1
22.59,0.0,0.0,35.0,32.0,10,0
22.59,0.0,0.0,35.0,32.0,18,1
22.59,0.0,0.0,35.0,32.0,8,0
22.59,0.0,0.0,35.0,32.0,8,1
22.59,0.0,0.0,35.0,32.0,9,1
22.59,0.0,0.0,35.0,32.0,15,1
22.59,0.0,0.0,35.0,32.0,18,1
22.59,0.0,0.0,35.0,32.0,13,1
22.59,0.0,0.0,35.0,32.0,7,0
22.59,0.0,0.0,35.0,32.0,7,0
22.59,0.0,0.0,35.0,32.0,6,0
22.59,0.0,0.0,35.0,32.0,16,0
22.59,0.0,0.0,35.0,32.0,19,0
22.59,0.0,0.0,35.0,32.0,16,1
22.59,0.0,0.0,35.0,32.0,17,1
22.59,0.0,0.0,35.0,32.0,7,1
22.59,0.0,0.0,35.0,32.0,11,1
22.59,0.0,0.0,35.0,32.0,12,0
22.59,0.0,0.0,35.0,32.0,11,0
22.59,0.0,0.0,35.0,32.0,7,0
22.59,0.0,0.0,35.0,32.0,12,1
22.59,0.0,0.0,35.0,32.0,11,1
22.59,0.0,0.0,35.0,32.0,8,1
22.59,0.0,0.0,35.0,32.0,13,0
22.59,0.0,0.0,35.0,32.0,19,1
22.59,0.0,0.0,35.0,32.0,19,1
22.59,0.0,0.0,35.0,32.0,11,1
22.59,0.0,0.0,35.0,32.0,7,0
22.59,0.0,0.0,35.0,32.0,19,1
22.59,0.0,0.0,35.0,32.0,9,0
22.59,0.0,0.0,35.0,32.0,19,1
22.59,0.0,0.0,35.0,32.0,19,0
22.59,0.0,0.0,35.0,32.0,15,0
22.59,0.0,0.0,35.0,32.0,18,1
22.59,0.0,0.0,35.0,32.0,8,0
22.59,0.0,0.0,35.0,32.0,8,0
22.59,0.0,0.0,35.0,32.0,11,1
22.59,0.0,0.0,35.0,32.0,21,1
22.59,0.0,0.0,35.0,32.0,6,1
22.59,0.0,0.0,35.0,32.0,16,0
22.59,0.0,0.0,35.0,32.0,6,1
22.59,0.0,0.0,35.0,32.0,20,1
22.59,0.0,0.0,35.0,32.0,19,0
22.59,0.0,0.0,35.0,32.0,7,0
22.59,0.0,0.0,35.0,32.0,17,1
22.59,0.0,0.0,35.0,32.0,15,0
22.59,0.0,0.0,35.0,32.0,16,1
23.04,0.0,0.0,33.0,30.0,9,1
23.04,0.0,0.0,33.0,30.0,19,1
23.04,0.0,0.0,33.0,30.0,7,0
23.04,0.0,0.0,33.0,30.0,17,1
23.04,0.0,0.0,33.0,30.0,21,1
23.04,0.0,0.0,33.0,30.0,14,0
23.04,0.0,0.0,33.0,30.0,16,1
23.04,0.0,0.0,33.0,30.0,18,1
23.04,0.0,0.0,33.0,30.0,15,0
23.04,0.0,0.0,33.0,30.0,11,1
23.04,0.0,0.0,33.0,30.0,19,0
23.04,0.0,0.0,33.0,30.0,16,0
23.04,0.0,0.0,33.0,30.0,9,1
23.04,0.0,0.0,33.0,30.0,11,0
23.04,0.0,0.0,33.0,30.0,7,1
23.04,0.0,0.0,33.0,30.0,19,0
23.04,0.0,0.0,33.0,30.0,16,0
23.04,0.0,0.0,33.0,30.0,15,0
23.04,0.0,0.0,33.0,30.0,7,0
23.04,0.0,0.0,33.0,30.0,7,0
23.04,0.0,0.0,33.0,30.0,18,0
23.04,0.0,0.0,33.0,30.0,17,0
23.04,0.0,0.0,33.0,30.0,13,0
23.04,0.0,0.0,33.0,30.0,12,0
23.04,0.0,0.0,33.0,30.0,10,0
23.04,0.0,0.0,33.0,30.0,18,1
23.04,0.0,0.0,33.0,30.0,8,0
23.04,0.0,0.0,33.0,30.0,8,1
23.04,0.0,0.0,33.0,30.0,9,1
23.04,0.0,0.0,33.0,30.0,15,0
23.04,0.0,0.0,33.0,30.0,18,0
23.04,0.0,0.0,33.0,30.0,13,0
23.04,0.0,0.0,33.0,30.0,7,1
23.04,0.0,0.0,33.0,30.0,7,0
23.04,0.0,0.0,33.0,30.0,6,0
23.04,0.0,0.0,33.0,30.0,16,1
23.04,0.0,0.0,33.0,30.0,19,1
23.04,0.0,0.0,33.0,30.0,16,1
23.04,0.0,0.0,33.0,30.0,17,1
23.04,0.0,0.0,33.0,30.0,7,1
23.04,0.0,0.0,33.0,30.0,11,1
23.04,0.0,0.0,33.0,30.0,12,0
23.04,0.0,0.0,33.0,30.0,11,1
23.04,0.0,0.0,33.0,30.0,7,0
23.04,0.0,0.0,33.0,30.0,12,0
23.04,0.0,0.0,33.0,30.0,11,1
23.04,0.0,0.0,33.0,30.0,8,0
23.04,0.0,0.0,33.0,30.0,13,0
23.04,0.0,0.0,33.0,30.0,19,1
23.04,0.0,0.0,33.0,30.0,19,0
23.04,0.0,0.0,33.0,30.0,11,1
23.04,0.0,0.0,33.0,30.0,7,0
23.04,0.0,0.0,33.0,30.0,19,1
23.04,0.0,0.0,33.0,30.0,9,1
23.04,0.0,0.0,33.0,30.0,19,1
23.04,0.0,0.0,33.0,30.0,19,0
23.04,0.0,0.0,33.0,30.0,15,0
23.04,0.0,0.0,33.0,30.0,18,0
23.04,0.0,0.0,33.0,30.0,8,1
23.04,0.0,0.0,33.0,30.0,8,1
23.04,0.0,0.0,33.0,30.0,11,0
23.04,0.0,0.0,33.0,30.0,21,1
23.04,0.0,0.0,33.0,30.0,6,0
23.04,0.0,0.0,33.0,30.0,16,1
23.04,0.0,0.0,33.0,30.0,6,0
23.04,0.0,0.0,33.0,30.0,20,1
23.04,0.0,0.0,33.0,30.0,19,1
23.04,0.0,0.0,33.0,30.0,7,0
23.04,0.0,0.0,33.0,30.0,7,0
23.04,0.0,0.0,33.0,30.0,17,1
23.04,0.0,0.0,33.0,30.0,15,0
23.04,0.0,0.0,33.0,30.0,16,0
16.55,0.0,0.0,36.0,25.9,9,0
16.55,0.0,0.0,36.0,25.9,7,0
16.55,0.0,0.0,36.0,25.9,17,1
16.55,0.0,0.0,36.0,25.9,21,0
16.55,0.0,0.0,36.0,25.9,14,0
16.55,0.0,0.0,36.0,25.9,16,0
16.55,0.0,0.0,36.0,25.9,18,1
16.55,0.0,0.0,36.0,25.9,15,0
16.55,0.0,0.0,36.0,25.9,11,0
16.55,0.0,0.0,36.0,25.9,19,0
16.55,0.0,0.0,36.0,25.9,16,0
16.55,0.0,0.0,36.0,25.9,8,1
16.55,0.0,0.0,36.0,25.9,11,0
16.55,0.0,0.0,36.0,25.9,21,1
16.55,0.0,0.0,36.0,25.9,7,0
16.55,0.0,0.0,36.0,25.9,19,0
16.55,0.0,0.0,36.0,25.9,12,0
16.55,0.0,0.0,36.0,25.9,16,0
16.55,0.0,0.0,36.0,25.9,15,0
16.55,0.0,0.0,36.0,25.9,7,0
16.55,0.0,0.0,36.0,25.9,7,0
16.55,0.0,0.0,36.0,25.9,18,1
16.55,0.0,0.0,36.0,25.9,17,0
16.55,0.0,0.0,36.0,25.9,13,1
16.55,0.0,0.0,36.0,25.9,12,0
16.55,0.0,0.0,36.0,25.9,10,1
16.55,0.0,0.0,36.0,25.9,8,0
16.55,0.0,0.0,36.0,25.9,18,1
16.55,0.0,0.0,36.0,25.9,8,1
16.55,0.0,0.0,36.0,25.9,8,0
16.55,0.0,0.0,36.0,25.9,9,1
16.55,0.0,0.0,36.0,25.9,15,0
16.55,0.0,0.0,36.0,25.9,18,1
16.55,0.0,0.0,36.0,25.9,10,0
16.55,0.0,0.0,36.0,25.9,13,0
16.55,0.0,0.0,36.0,25.9,7,0
16.55,0.0,0.0,36.0,25.9,7,0
16.55,0.0,0.0,36.0,25.9,6,0
16.55,0.0,0.0,36.0,25.9,16,0
16.55,0.0,0.0,36.0,25.9,19,1
16.55,0.0,0.0,36.0,25.9,16,1
16.55,0.0,0.0,36.0,25.9,17,0
16.55,0.0,0.0,36.0,25.9,7,0
16.55,0.0,0.0,36.0,25.9,11,0
16.55,0.0,0.0,36.0,25.9,12,0
16.55,0.0,0.0,36.0,25.9,11,0
16.55,0.0,0.0,36.0,25.9,7,0
16.55,0.0,0.0,36.0,25.9,12,0
16.55,0.0,0.0,36.0,25.9,11,1
16.55,0.0,0.0,36.0,25.9,8,0
16.55,0.0,0.0,36.0,25.9,13,1
16.55,0.0,0.0,36.0,25.9,19,1
16.55,0.0,0.0,36.0,25.9,19,1
16.55,0.0,0.0,36.0,25.9,11,1
16.55,0.0,0.0,36.0,25.9,7,1
16.55,0.0,0.0,36.0,25.9,18,1
16.55,0.0,0.0,36.0,25.9,9,0
16.55,0.0,0.0,36.0,25.9,19,1
16.55,0.0,0.0,36.0,25.9,19,0
16.55,0.0,0.0,36.0,25.9,15,0
16.55,0.0,0.0,36.0,25.9,18,0
16.55,0.0,0.0,36.0,25.9,8,0
16.55,0.0,0.0,36.0,25.9,8,0
16.55,0.0,0.0,36.0,25.9,11,0
16.55,0.0,0.0,36.0,25.9,21,1
16.55,0.0,0.0,36.0,25.9,6,0
16.55,0.0,0.0,36.0,25.9,16,0
16.55,0.0,0.0,36.0,25.9,6,0
16.55,0.0,0.0,36.0,25.9,20,0
16.55,0.0,0.0,36.0,25.9,19,1
16.55,0.0,0.0,36.0,25.9,17,0
16.55,0.0,0.0,36.0,25.9,7,0
16.55,0.0,0.0,36.0,25.9,7,0
16.55,0.0,0.0,36.0,25.9,17,1
16.55,0.0,0.0,36.0,25.9,15,0
16.55,0.0,0.0,36.0,25.9,16,0
7.16,0.0,0.0,39.0,15.0,9,0
7.16,0.0,0.0,39.0,15.0,7,0
7.16,0.0,0.0,39.0,15.0,17,0
7.16,0.0,0.0,39.0,15.0,21,1
7.16,0.0,0.0,39.0,15.0,14,0
7.16,0.0,0.0,39.0,15.0,16,0
7.16,0.0,0.0,39.0,15.0,18,1
7.16,0.0,0.0,39.0,15.0,15,0
7.16,0.0,0.0,39.0,15.0,11,0
7.16,0.0,0.0,39.0,15.0,19,0
7.16,0.0,0.0,39.0,15.0,16,0
7.16,0.0,0.0,39.0,15.0,8,0
7.16,0.0,0.0,39.0,15.0,11,0
7.16,0.0,0.0,39.0,15.0,7,0
7.16,0.0,0.0,39.0,15.0,19,1
7.16,0.0,0.0,39.0,15.0,12,0
7.16,0.0,0.0,39.0,15.0,16,0
7.16,0.0,0.0,39.0,15.0,15,0
7.16,0.0,0.0,39.0,15.0,7,0
7.16,0.0,0.0,39.0,15.0,7,0
7.16,0.0,0.0,39.0,15.0,18,0
7.16,0.0,0.0,39.0,15.0,17,0
7.16,0.0,0.0,39.0,15.0,13,0
7.16,0.0,0.0,39.0,15.0,12,0
7.16,0.0,0.0,39.0,15.0,10,0
7.16,0.0,0.0,39.0,15.0,8,0
7.16,0.0,0.0,39.0,15.0,18,0
7.16,0.0,0.0,39.0,15.0,8,0
7.16,0.0,0.0,39.0,15.0,8,0
7.16,0.0,0.0,39.0,15.0,9,0
7.16,0.0,0.0,39.0,15.0,15,0
7.16,0.0,0.0,39.0,15.0,18,0
7.16,0.0,0.0,39.0,15.0,10,0
7.16,0.0,0.0,39.0,15.0,13,0
7.16,0.0,0.0,39.0,15.0,7,0
7.16,0.0,0.0,39.0,15.0,7,0
7.16,0.0,0.0,39.0,15.0,6,0
7.16,0.0,0.0,39.0,15.0,16,1
7.16,0.0,0.0,39.0,15.0,19,0
7.16,0.0,0.0,39.0,15.0,16,0
7.16,0.0,0.0,39.0,15.0,17,0
7.16,0.0,0.0,39.0,15.0,7,0
7.16,0.0,0.0,39.0,15.0,11,0
7.16,0.0,0.0,39.0,15.0,12,1
7.16,0.0,0.0,39.0,15.0,11,1
7.16,0.0,0.0,39.0,15.0,7,0
7.16,0.0,0.0,39.0,15.0,12,0
7.16,0.0,0.0,39.0,15.0,11,1
7.16,0.0,0.0,39.0,15.0,8,0
7.16,0.0,0.0,39.0,15.0,13,0
7.16,0.0,0.0,39.0,15.0,19,1
7.16,0.0,0.0,39.0,15.0,19,0
7.16,0.0,0.0,39.0,15.0,11,0
7.16,0.0,0.0,39.0,15.0,7,0
7.16,0.0,0.0,39.0,15.0,18,0
7.16,0.0,0.0,39.0,15.0,9,0
7.16,0.0,0.0,39.0,15.0,19,0
7.16,0.0,0.0,39.0,15.0,19,0
7.16,0.0,0.0,39.0,15.0,15,0
7.16,0.0,0.0,39.0,15.0,18,0
7.16,0.0,0.0,39.0,15.0,8,0
7.16,0.0,0.0,39.0,15.0,8,0
7.16,0.0,0.0,39.0,15.0,21,1
7.16,0.0,0.0,39.0,15.0,6,0
7.16,0.0,0.0,39.0,15.0,16,1
7.16,0.0,0.0,39.0,15.0,6,0
7.16,0.0,0.0,39.0,15.0,20,0
7.16,0.0,0.0,39.0,15.0,19,0
7.16,0.0,0.0,39.0,15.0,17,0
7.16,0.0,0.0,39.0,15.0,7,0
7.16,0.0,0.0,39.0,15.0,7,0
7.16,0.0,0.0,39.0,15.0,17,0
7.16,0.0,0.0,39.0,15.0,15,0
7.16,0.0,0.0,39.0,15.0,16,0
14.32,0.0,0.0,46.0,25.9,9,0
14.32,0.0,0.0,46.0,25.9,7,0
14.32,0.0,0.0,46.0,25.9,17,1
14.32,0.0,0.0,46.0,25.9,21,0
14.32,0.0,0.0,46.0,25.9,14,0
14.32,0.0,0.0,46.0,25.9,16,0
14.32,0.0,0.0,46.0,25.9,18,0
14.32,0.0,0.0,46.0,25.9,15,0
14.32,0.0,0.0,46.0,25.9,11,0
14.32,0.0,0.0,46.0,25.9,19,0
14.32,0.0,0.0,46.0,25.9,16,0
14.32,0.0,0.0,46.0,25.9,8,0
14.32,0.0,0.0,46.0,25.9,11,0
14.32,0.0,0.0,46.0,25.9,7,0
14.32,0.0,0.0,46.0,25.9,19,0
14.32,0.0,0.0,46.0,25.9,12,0
14.32,0.0,0.0,46.0,25.9,16,0
14.32,0.0,0.0,46.0,25.9,15,1
14.32,0.0,0.0,46.0,25.9,7,0
14.32,0.0,0.0,46.0,25.9,7,0
14.32,0.0,0.0,46.0,25.9,18,0
14.32,0.0,0.0,46.0,25.9,17,0
14.32,0.0,0.0,46.0,25.9,13,0
14.32,0.0,0.0,46.0,25.9,12,0
14.32,0.0,0.0,46.0,25.9,10,0
14.32,0.0,0.0,46.0,25.9,8,0
14.32,0.0,0.0,46.0,25.9,18,0
14.32,0.0,0.0,46.0,25.9,8,0
14.32,0.0,0.0,46.0,25.9,8,0
14.32,0.0,0.0,46.0,25.9,9,0
14.32,0.0,0.0,46.0,25.9,15,0
14.32,0.0,0.0,46.0,25.9,18,0
14.32,0.0,0.0,46.0,25.9,10,0
14.32,0.0,0.0,46.0,25.9,13,0
14.32,0.0,0.0,46.0,25.9,7,0
14.32,0.0,0.0,46.0,25.9,7,0
14.32,0.0,0.0,46.0,25.9,6,0
14.32,0.0,0.0,46.0,25.9,16,0
14.32,0.0,0.0,46.0,25.9,19,0
14.32,0.0,0.0,46.0,25.9,16,0
14.32,0.0,0.0,46.0,25.9,17,1
14.32,0.0,0.0,46.0,25.9,7,0
14.32,0.0,0.0,46.0,25.9,11,0
14.32,0.0,0.0,46.0,25.9,12,0
14.32,0.0,0.0,46.0,25.9,11,0
14.32,0.0,0.0,46.0,25.9,7,0
14.32,0.0,0.0,46.0,25.9,12,0
14.32,0.0,0.0,46.0,25.9,11,0
14.32,0.0,0.0,46.0,25.9,8,0
14.32,0.0,0.0,46.0,25.9,13,0
14.32,0.0,0.0,46.0,25.9,19,1
14.32,0.0,0.0,46.0,25.9,19,1
14.32,0.0,0.0,46.0,25.9,11,0
14.32,0.0,0.0,46.0,25.9,7,0
14.32,0.0,0.0,46.0,25.9,18,0
14.32,0.0,0.0,46.0,25.9,9,0
14.32,0.0,0.0,46.0,25.9,19,0
14.32,0.0,0.0,46.0,25.9,19,1
14.32,0.0,0.0,46.0,25.9,15,0
14.32,0.0,0.0,46.0,25.9,18,0
14.32,0.0,0.0,46.0,25.9,8,0
14.32,0.0,0.0,46.0,25.9,8,0
14.32,0.0,0.0,46.0,25.9,21,1
14.32,0.0,0.0,46.0,25.9,6,0
14.32,0.0,0.0,46.0,25.9,16,0
14.32,0.0,0.0,46.0,25.9,6,0
14.32,0.0,0.0,46.0,25.9,20,0
14.32,0.0,0.0,46.0,25.9,19,1
14.32,0.0,0.0,46.0,25.9,17,0
14.32,0.0,0.0,46.0,25.9,7,0
14.32,0.0,0.0,46.0,25.9,7,0
14.32,0.0,0.0,46.0,25.9,17,1
14.32,0.0,0.0,46.0,25.9,15,0
14.32,0.0,0.0,46.0,25.9,16,0
9.17,0.96,0.0,42.0,25.1,9,0
9.17,0.96,0.0,42.0,25.1,19,1
9.17,0.96,0.0,42.0,25.1,7,0
9.17,0.96,0.0,42.0,25.1,17,1
9.17,0.96,0.0,42.0,25.1,21,1
9.17,0.96,0.0,42.0,25.1,18,0
9.17,0.96,0.0,42.0,25.1,14,0
9.17,0.96,0.0,42.0,25.1,16,1
9.17,0.96,0.0,42.0,25.1,18,0
9.17,0.96,0.0,42.0,25.1,15,0
9.17,0.96,0.0,42.0,25.1,11,0
9.17,0.96,0.0,42.0,25.1,19,0
9.17,0.96,0.0,42.0,25.1,19,1
9.17,0.96,0.0,42.0,25.1,16,1
9.17,0.96,0.0,42.0,25.1,8,0
9.17,0.96,0.0,42.0,25.1,11,0
9.17,0.96,0.0,42.0,25.1,21,1
9.17,0.96,0.0,42.0,25.1,7,0
9.17,0.96,0.0,42.0,25.1,19,1
9.17,0.96,0.0,42.0,25.1,12,0
9.17,0.96,0.0,42.0,25.1,16,1
9.17,0.96,0.0,42.0,25.1,15,0
9.17,0.96,0.0,42.0,25.1,7,0
9.17,0.96,0.0,42.0,25.1,7,0
9.17,0.96,0.0,42.0,25.1,18,1
9.17,0.96,0.0,42.0,25.1,17,0
9.17,0.96,0.0,42.0,25.1,13,0
9.17,0.96,0.0,42.0,25.1,12,1
9.17,0.96,0.0,42.0,25.1,10,0
9.17,0.96,0.0,42.0,25.1,8,0
9.17,0.96,0.0,42.0,25.1,18,0
9.17,0.96,0.0,42.0,25.1,8,0
9.17,0.96,0.0,42.0,25.1,8,0
9.17,0.96,0.0,42.0,25.1,9,0
9.17,0.96,0.0,42.0,25.1,15,0
9.17,0.96,0.0,42.0,25.1,18,0
9.17,0.96,0.0,42.0,25.1,10,0
9.17,0.96,0.0,42.0,25.1,13,0
9.17,0.96,0.0,42.0,25.1,7,0
9.17,0.96,0.0,42.0,25.1,7,0
9.17,0.96,0.0,42.0,25.1,6,0
9.17,0.96,0.0,42.0,25.1,16,1
9.17,0.96,0.0,42.0,25.1,19,0
9.17,0.96,0.0,42.0,25.1,16,1
9.17,0.96,0.0,42.0,25.1,17,0
9.17,0.96,0.0,42.0,25.1,7,0
9.17,0.96,0.0,42.0,25.1,11,0
9.17,0.96,0.0,42.0,25.1,12,0
9.17,0.96,0.0,42.0,25.1,11,0
9.17,0.96,0.0,42.0,25.1,7,0
9.17,0.96,0.0,42.0,25.1,12,0
9.17,0.96,0.0,42.0,25.1,11,0
9.17,0.96,0.0,42.0,25.1,8,0
9.17,0.96,0.0,42.0,25.1,13,0
9.17,0.96,0.0,42.0,25.1,19,1
9.17,0.96,0.0,42.0,25.1,19,1
9.17,0.96,0.0,42.0,25.1,11,0
9.17,0.96,0.0,42.0,25.1,7,1
9.17,0.96,0.0,42.0,25.1,19,1
9.17,0.96,0.0,42.0,25.1,9,0
9.17,0.96,0.0,42.0,25.1,19,1
9.17,0.96,0.0,42.0,25.1,19,1
9.17,0.96,0.0,42.0,25.1,15,0
9.17,0.96,0.0,42.0,25.1,18,1
9.17,0.96,0.0,42.0,25.1,8,0
9.17,0.96,0.0,42.0,25.1,8,0
9.17,0.96,0.0,42.0,25.1,11,0
9.17,0.96,0.0,42.0,25.1,21,1
9.17,0.96,0.0,42.0,25.1,6,0
9.17,0.96,0.0,42.0,25.1,16,0
9.17,0.96,0.0,42.0,25.1,6,0
9.17,0.96,0.0,42.0,25.1,20,0
9.17,0.96,0.0,42.0,25.1,19,1
9.17,0.96,0.0,42.0,25.1,17,0
9.17,0.96,0.0,42.0,25.1,7,0
9.17,0.96,0.0,42.0,25.1,7,0
9.17,0.96,0.0,42.0,25.1,17,1
9.17,0.96,0.0,42.0,25.1,15,0
9.17,0.96,0.0,42.0,25.1,16,0
14.76,0.0,0.0,44.0,25.9,9,0
14.76,0.0,0.0,44.0,25.9,19,0
14.76,0.0,0.0,44.0,25.9,7,0
14.76,0.0,0.0,44.0,25.9,17,1
14.76,0.0,0.0,44.0,25.9,21,0
14.76,0.0,0.0,44.0,25.9,18,0
14.76,0.0,0.0,44.0,25.9,14,0
14.76,0.0,0.0,44.0,25.9,16,0
14.76,0.0,0.0,44.0,25.9,18,0
14.76,0.0,0.0,44.0,25.9,15,1
14.76,0.0,0.0,44.0,25.9,11,0
14.76,0.0,0.0,44.0,25.9,19,0
14.76,0.0,0.0,44.0,25.9,19,0
14.76,0.0,0.0,44.0,25.9,16,0
14.76,0.0,0.0,44.0,25.9,8,0
14.76,0.0,0.0,44.0,25.9,11,0
14.76,0.0,0.0,44.0,25.9,21,1
14.76,0.0,0.0,44.0,25.9,7,1
14.76,0.0,0.0,44.0,25.9,19,1
14.76,0.0,0.0,44.0,25.9,12,0
14.76,0.0,0.0,44.0,25.9,16,0
14.76,0.0,0.0,44.0,25.9,15,0
14.76,0.0,0.0,44.0,25.9,7,0
14.76,0.0,0.0,44.0,25.9,7,1
14.76,0.0,0.0,44.0,25.9,18,1
14.76,0.0,0.0,44.0,25.9,17,0
14.76,0.0,0.0,44.0,25.9,13,0
14.76,0.0,0.0,44.0,25.9,12,0
14.76,0.0,0.0,44.0,25.9,10,0
14.76,0.0,0.0,44.0,25.9,8,0
14.76,0.0,0.0,44.0,25.9,18,1
14.76,0.0,0.0,44.0,25.9,8,0
14.76,0.0,0.0,44.0,25.9,8,0
14.76,0.0,0.0,44.0,25.9,9,0
14.76,0.0,0.0,44.0,25.9,15,0
14.76,0.0,0.0,44.0,25.9,18,0
14.76,0.0,0.0,44.0,25.9,10,0
14.76,0.0,0.0,44.0,25.9,13,0
14.76,0.0,0.0,44.0,25.9,7,0
14.76,0.0,0.0,44.0,25.9,7,1
14.76,0.0,0.0,44.0,25.9,6,0
14.76,0.0,0.0,44.0,25.9,16,0
14.76,0.0,0.0,44.0,25.9,20,0
14.76,0.0,0.0,44.0,25.9,16,1
14.76,0.0,0.0,44.0,25.9,17,0
14.76,0.0,0.0,44.0,25.9,7,0
14.76,0.0,0.0,44.0,25.9,11,0
14.76,0.0,0.0,44.0,25.9,12,0
14.76,0.0,0.0,44.0,25.9,11,1
14.76,0.0,0.0,44.0,25.9,7,0
14.76,0.0,0.0,44.0,25.9,12,0
14.76,0.0,0.0,44.0,25.9,11,1
14.76,0.0,0.0,44.0,25.9,8,1
14.76,0.0,0.0,44.0,25.9,13,0
14.76,0.0,0.0,44.0,25.9,19,1
14.76,0.0,0.0,44.0,25.9,19,1
14.76,0.0,0.0,44.0,25.9,11,0
14.76,0.0,0.0,44.0,25.9,7,0
14.76,0.0,0.0,44.0,25.9,19,0
14.76,0.0,0.0,44.0,25.9,9,1
14.76,0.0,0.0,44.0,25.9,19,1
14.76,0.0,0.0,44.0,25.9,19,1
14.76,0.0,0.0,44.0,25.9,15,0
14.76,0.0,0.0,44.0,25.9,18,1
14.76,0.0,0.0,44.0,25.9,8,1
14.76,0.0,0.0,44.0,25.9,8,0
14.76,0.0,0.0,44.0,25.9,11,0
14.76,0.0,0.0,44.0,25.9,21,0
14.76,0.0,0.0,44.0,25.9,6,0
14.76,0.0,0.0,44.0,25.9,16,0
14.76,0.0,0.0,44.0,25.9,6,1
14.76,0.0,0.0,44.0,25.9,20,1
14.76,0.0,0.0,44.0,25.9,19,0
14.76,0.0,0.0,44.0,25.9,17,1
14.76,0.0,0.0,44.0,25.9,7,0
14.76,0.0,0.0,44.0,25.9,7,0
14.76,0.0,0.0,44.0,25.9,17,0
14.76,0.0,0.0,44.0,25.9,15,0
14.76,0.0,0.0,44.0,25.9,16,0
11.41,0.0,0.0,40.0,23.0,9,0
11.41,0.0,0.0,40.0,23.0,7,0
11.41,0.0,0.0,40.0,23.0,17,0
11.41,0.0,0.0,40.0,23.0,21,0
11.41,0.0,0.0,40.0,23.0,14,0
11.41,0.0,0.0,40.0,23.0,16,0
11.41,0.0,0.0,40.0,23.0,18,0
11.41,0.0,0.0,40.0,23.0,15,0
11.41,0.0,0.0,40.0,23.0,11,0
11.41,0.0,0.0,40.0,23.0,19,0
11.41,0.0,0.0,40.0,23.0,16,1
11.41,0.0,0.0,40.0,23.0,9,0
11.41,0.0,0.0,40.0,23.0,11,1
11.41,0.0,0.0,40.0,23.0,7,0
11.41,0.0,0.0,40.0,23.0,19,0
11.41,0.0,0.0,40.0,23.0,12,0
11.41,0.0,0.0,40.0,23.0,16,0
11.41,0.0,0.0,40.0,23.0,15,0
11.41,0.0,0.0,40.0,23.0,7,0
11.41,0.0,0.0,40.0,23.0,7,0
11.41,0.0,0.0,40.0,23.0,18,0
11.41,0.0,0.0,40.0,23.0,17,0
11.41,0.0,0.0,40.0,23.0,11,0
11.41,0.0,0.0,40.0,23.0,10,0
11.41,0.0,0.0,40.0,23.0,18,0
11.41,0.0,0.0,40.0,23.0,8,0
11.41,0.0,0.0,40.0,23.0,8,0
11.41,0.0,0.0,40.0,23.0,9,0
11.41,0.0,0.0,40.0,23.0,15,0
11.41,0.0,0.0,40.0,23.0,18,1
11.41,0.0,0.0,40.0,23.0,13,0
11.41,0.0,0.0,40.0,23.0,7,0
11.41,0.0,0.0,40.0,23.0,7,0
11.41,0.0,0.0,40.0,23.0,6,0
11.41,0.0,0.0,40.0,23.0,16,0
11.41,0.0,0.0,40.0,23.0,19,1
11.41,0.0,0.0,40.0,23.0,16,0
11.41,0.0,0.0,40.0,23.0,17,0
11.41,0.0,0.0,40.0,23.0,7,0
11.41,0.0,0.0,40.0,23.0,11,0
11.41,0.0,0.0,40.0,23.0,12,0
11.41,0.0,0.0,40.0,23.0,11,0
11.41,0.0,0.0,40.0,23.0,7,0
11.41,0.0,0.0,40.0,23.0,12,0
11.41,0.0,0.0,40.0,23.0,11,0
11.41,0.0,0.0,40.0,23.0,8,0
11.41,0.0,0.0,40.0,23.0,13,0
11.41,0.0,0.0,40.0,23.0,19,1
11.41,0.0,0.0,40.0,23.0,19,0
11.41,0.0,0.0,40.0,23.0,11,0
11.41,0.0,0.0,40.0,23.0,7,0
11.41,0.0,0.0,40.0,23.0,19,0
11.41,0.0,0.0,40.0,23.0,9,0
11.41,0.0,0.0,40.0,23.0,19,0
11.41,0.0,0.0,40.0,23.0,19,1
11.41,0.0,0.0,40.0,23.0,15,0
11.41,0.0,0.0,40.0,23.0,18,0
11.41,0.0,0.0,40.0,23.0,8,0
11.41,0.0,0.0,40.0,23.0,8,0
11.41,0.0,0.0,40.0,23.0,11,0
11.41,0.0,0.0,40.0,23.0,21,0
11.41,0.0,0.0,40.0,23.0,6,0
11.41,0.0,0.0,40.0,23.0,16,0
11.41,0.0,0.0,40.0,23.0,6,0
11.41,0.0,0.0,40.0,23.0,20,0
11.41,0.0,0.0,40.0,23.0,19,1
11.41,0.0,0.0,40.0,23.0,7,0
11.41,0.0,0.0,40.0,23.0,17,1
11.41,0.0,0.0,40.0,23.0,15,0
11.41,0.0,0.0,40.0,23.0,16,0
8.28,0.47,0.0,38.0,15.0,9,0
8.28,0.47,0.0,38.0,15.0,19,1
8.28,0.47,0.0,38.0,15.0,7,0
8.28,0.47,0.0,38.0,15.0,17,1
8.28,0.47,0.0,38.0,15.0,21,1
8.28,0.47,0.0,38.0,15.0,18,0
8.28,0.47,0.0,38.0,15.0,14,0
8.28,0.47,0.0,38.0,15.0,16,0
8.28,0.47,0.0,38.0,15.0,18,0
8.28,0.47,0.0,38.0,15.0,15,0
8.28,0.47,0.0,38.0,15.0,11,1
8.28,0.47,0.0,38.0,15.0,19,1
8.28,0.47,0.0,38.0,15.0,19,0
8.28,0.47,0.0,38.0,15.0,16,0
8.28,0.47,0.0,38.0,15.0,9,1
8.28,0.47,0.0,38.0,15.0,11,0
8.28,0.47,0.0,38.0,15.0,21,1
8.28,0.47,0.0,38.0,15.0,7,1
8.28,0.47,0.0,38.0,15.0,19,0
8.28,0.47,0.0,38.0,15.0,12,0
8.28,0.47,0.0,38.0,15.0,16,0
8.28,0.47,0.0,38.0,15.0,15,0
8.28,0.47,0.0,38.0,15.0,7,0
8.28,0.47,0.0,38.0,15.0,7,0
8.28,0.47,0.0,38.0,15.0,18,0
8.28,0.47,0.0,38.0,15.0,17,0
8.28,0.47,0.0,38.0,15.0,13,0
8.28,0.47,0.0,38.0,15.0,12,0
8.28,0.47,0.0,38.0,15.0,10,0
8.28,0.47,0.0,38.0,15.0,18,1
8.28,0.47,0.0,38.0,15.0,8,1
8.28,0.47,0.0,38.0,15.0,8,0
8.28,0.47,0.0,38.0,15.0,9,1
8.28,0.47,0.0,38.0,15.0,15,1
8.28,0.47,0.0,38.0,15.0,18,0
8.28,0.47,0.0,38.0,15.0,13,0
8.28,0.47,0.0,38.0,15.0,7,0
8.28,0.47,0.0,38.0,15.0,7,0
8.28,0.47,0.0,38.0,15.0,6,0
8.28,0.47,0.0,38.0,15.0,16,1
8.28,0.47,0.0,38.0,15.0,19,1
8.28,0.47,0.0,38.0,15.0,16,1
8.28,0.47,0.0,38.0,15.0,17,1
8.28,0.47,0.0,38.0,15.0,7,0
8.28,0.47,0.0,38.0,15.0,11,0
8.28,0.47,0.0,38.0,15.0,12,1
8.28,0.47,0.0,38.0,15.0,11,0
8.28,0.47,0.0,38.0,15.0,7,0
8.28,0.47,0.0,38.0,15.0,12,0
8.28,0.47,0.0,38.0,15.0,11,0
8.28,0.47,0.0,38.0,15.0,8,0
8.28,0.47,0.0,38.0,15.0,13,0
8.28,0.47,0.0,38.0,15.0,19,1
8.28,0.47,0.0,38.0,15.0,19,1
8.28,0.47,0.0,38.0,15.0,11,0
8.28,0.47,0.0,38.0,15.0,7,0
8.28,0.47,0.0,38.0,15.0,19,1
8.28,0.47,0.0,38.0,15.0,9,0
8.28,0.47,0.0,38.0,15.0,19,1
8.28,0.47,0.0,38.0,15.0,19,1
8.28,0.47,0.0,38.0,15.0,15,1
8.28,0.47,0.0,38.0,15.0,18,0
8.28,0.47,0.0,38.0,15.0,8,0
8.28,0.47,0.0,38.0,15.0,8,0
8.28,0.47,0.0,38.0,15.0,11,0
8.28,0.47,0.0,38.0,15.0,21,1
8.28,0.47,0.0,38.0,15.0,6,0
8.28,0.47,0.0,38.0,15.0,16,1
8.28,0.47,0.0,38.0,15.0,6,1
8.28,0.47,0.0,38.0,15.0,20,0
8.28,0.47,0.0,38.0,15.0,19,1
8.28,0.47,0.0,38.0,15.0,17,0
8.28,0.47,0.0,38.0,15.0,7,0
8.28,0.47,0.0,38.0,15.0,7,1
8.28,0.47,0.0,38.0,15.0,17,1
8.28,0.47,0.0,38.0,15.0,15,0
8.28,0.47,0.0,38.0,15.0,16,0
17.22,0.24,0.0,38.0,33.1,9,0
17.22,0.24,0.0,38.0,33.1,7,0
17.22,0.24,0.0,38.0,33.1,17,1
17.22,0.24,0.0,38.0,33.1,21,0
17.22,0.24,0.0,38.0,33.1,14,0
17.22,0.24,0.0,38.0,33.1,16,0
17.22,0.24,0.0,38.0,33.1,18,0
17.22,0.24,0.0,38.0,33.1,15,0
17.22,0.24,0.0,38.0,33.1,11,0
17.22,0.24,0.0,38.0,33.1,19,0
17.22,0.24,0.0,38.0,33.1,16,0
17.22,0.24,0.0,38.0,33.1,8,0
17.22,0.24,0.0,38.0,33.1,11,0
17.22,0.24,0.0,38.0,33.1,21,1
17.22,0.24,0.0,38.0,33.1,7,0
17.22,0.24,0.0,38.0,33.1,19,0
17.22,0.24,0.0,38.0,33.1,12,0
17.22,0.24,0.0,38.0,33.1,16,0
17.22,0.24,0.0,38.0,33.1,15,0
17.22,0.24,0.0,38.0,33.1,7,0
17.22,0.24,0.0,38.0,33.1,7,0
17.22,0.24,0.0,38.0,33.1,18,1
17.22,0.24,0.0,38.0,33.1,17,1
17.22,0.24,0.0,38.0,33.1,13,0
17.22,0.24,0.0,38.0,33.1,12,0
17.22,0.24,0.0,38.0,33.1,10,0
17.22,0.24,0.0,38.0,33.1,8,0
17.22,0.24,0.0,38.0,33.1,18,1
17.22,0.24,0.0,38.0,33.1,8,0
17.22,0.24,0.0,38.0,33.1,8,0
17.22,0.24,0.0,38.0,33.1,9,0
17.22,0.24,0.0,38.0,33.1,15,0
17.22,0.24,0.0,38.0,33.1,18,0
17.22,0.24,0.0,38.0,33.1,10,0
17.22,0.24,0.0,38.0,33.1,13,0
17.22,0.24,0.0,38.0,33.1,7,0
17.22,0.24,0.0,38.0,33.1,7,0
17.22,0.24,0.0,38.0,33.1,6,0
17.22,0.24,0.0,38.0,33.1,16,1
17.22,0.24,0.0,38.0,33.1,19,1
17.22,0.24,0.0,38.0,33.1,16,0
17.22,0.24,0.0,38.0,33.1,17,0
17.22,0.24,0.0,38.0,33.1,7,0
17.22,0.24,0.0,38.0,33.1,11,0
17.22,0.24,0.0,38.0,33.1,12,0
17.22,0.24,0.0,38.0,33.1,11,0
17.22,0.24,0.0,38.0,33.1,7,0
17.22,0.24,0.0,38.0,33.1,12,0
17.22,0.24,0.0,38.0,33.1,11,0
17.22,0.24,0.0,38.0,33.1,8,0
17.22,0.24,0.0,38.0,33.1,13,1
17.22,0.24,0.0,38.0,33.1,19,0
17.22,0.24,0.0,38.0,33.1,19,1
17.22,0.24,0.0,38.0,33.1,11,0
17.22,0.24,0.0,38.0,33.1,7,0
17.22,0.24,0.0,38.0,33.1,18,1
17.22,0.24,0.0,38.0,33.1,9,0
17.22,0.24,0.0,38.0,33.1,19,1
17.22,0.24,0.0,38.0,33.1,19,1
17.22,0.24,0.0,38.0,33.1,15,0
17.22,0.24,0.0,38.0,33.1,18,0
17.22,0.24,0.0,38.0,33.1,8,0
17.22,0.24,0.0,38.0,33.1,8,0
17.22,0.24,0.0,38.0,33.1,11,0
17.22,0.24,0.0,38.0,33.1,21,1
17.22,0.24,0.0,38.0,33.1,6,0
17.22,0.24,0.0,38.0,33.1,16,0
17.22,0.24,0.0,38.0,33.1,6,0
17.22,0.24,0.0,38.0,33.1,20,0
17.22,0.24,0.0,38.0,33.1,19,1
17.22,0.24,0.0,38.0,33.1,17,0
17.22,0.24,0.0,38.0,33.1,7,0
17.22,0.24,0.0,38.0,33.1,7,1
17.22,0.24,0.0,38.0,33.1,17,1
17.22,0.24,0.0,38.0,33.1,15,1
17.22,0.24,0.0,38.0,33.1,16,0
16.11,0.0,0.0,39.0,25.9,9,1
16.11,0.0,0.0,39.0,25.9,7,0
16.11,0.0,0.0,39.0,25.9,17,0
16.11,0.0,0.0,39.0,25.9,21,0
16.11,0.0,0.0,39.0,25.9,14,0
16.11,0.0,0.0,39.0,25.9,16,0
16.11,0.0,0.0,39.0,25.9,18,0
16.11,0.0,0.0,39.0,25.9,15,1
16.11,0.0,0.0,39.0,25.9,11,0
16.11,0.0,0.0,39.0,25.9,19,1
16.11,0.0,0.0,39.0,25.9,16,0
16.11,0.0,0.0,39.0,25.9,8,0
16.11,0.0,0.0,39.0,25.9,11,0
16.11,0.0,0.0,39.0,25.9,7,0
16.11,0.0,0.0,39.0,25.9,19,0
16.11,0.0,0.0,39.0,25.9,12,0
16.11,0.0,0.0,39.0,25.9,16,0
16.11,0.0,0.0,39.0,25.9,15,0
16.11,0.0,0.0,39.0,25.9,7,0
16.11,0.0,0.0,39.0,25.9,7,0
16.11,0.0,0.0,39.0,25.9,18,0
16.11,0.0,0.0,39.0,25.9,17,0
16.11,0.0,0.0,39.0,25.9,13,0
16.11,0.0,0.0,39.0,25.9,12,0
16.11,0.0,0.0,39.0,25.9,10,0
16.11,0.0,0.0,39.0,25.9,8,0
16.11,0.0,0.0,39.0,25.9,18,1
16.11,0.0,0.0,39.0,25.9,8,0
16.11,0.0,0.0,39.0,25.9,8,0
16.11,0.0,0.0,39.0,25.9,9,1
16.11,0.0,0.0,39.0,25.9,15,1
16.11,0.0,0.0,39.0,25.9,18,0
16.11,0.0,0.0,39.0,25.9,10,0
16.11,0.0,0.0,39.0,25.9,13,0
16.11,0.0,0.0,39.0,25.9,7,0
16.11,0.0,0.0,39.0,25.9,7,0
16.11,0.0,0.0,39.0,25.9,6,0
16.11,0.0,0.0,39.0,25.9,16,0
16.11,0.0,0.0,39.0,25.9,19,0
16.11,0.0,0.0,39.0,25.9,16,0
16.11,0.0,0.0,39.0,25.9,17,0
16.11,0.0,0.0,39.0,25.9,7,0
16.11,0.0,0.0,39.0,25.9,11,0
16.11,0.0,0.0,39.0,25.9,12,0
16.11,0.0,0.0,39.0,25.9,11,0
16.11,0.0,0.0,39.0,25.9,7,1
16.11,0.0,0.0,39.0,25.9,12,0
16.11,0.0,0.0,39.0,25.9,11,0
16.11,0.0,0.0,39.0,25.9,8,0
16.11,0.0,0.0,39.0,25.9,13,0
16.11,0.0,0.0,39.0,25.9,19,0
16.11,0.0,0.0,39.0,25.9,19,0
16.11,0.0,0.0,39.0,25.9,11,0
16.11,0.0,0.0,39.0,25.9,7,0
16.11,0.0,0.0,39.0,25.9,18,0
16.11,0.0,0.0,39.0,25.9,9,0
16.11,0.0,0.0,39.0,25.9,19,0
16.11,0.0,0.0,39.0,25.9,19,0
16.11,0.0,0.0,39.0,25.9,15,0
16.11,0.0,0.0,39.0,25.9,18,0
16.11,0.0,0.0,39.0,25.9,8,0
16.11,0.0,0.0,39.0,25.9,8,0
16.11,0.0,0.0,39.0,25.9,21,0
16.11,0.0,0.0,39.0,25.9,6,0
16.11,0.0,0.0,39.0,25.9,16,0
16.11,0.0,0.0,39.0,25.9,6,0
16.11,0.0,0.0,39.0,25.9,20,0
16.11,0.0,0.0,39.0,25.9,19,1
16.11,0.0,0.0,39.0,25.9,17,0
16.11,0.0,0.0,39.0,25.9,7,0
16.11,0.0,0.0,39.0,25.9,7,0
16.11,0.0,0.0,39.0,25.9,17,1
16.11,0.0,0.0,39.0,25.9,15,0
16.11,0.0,0.0,39.0,25.9,16,0
12.3,0.97,0.0,38.0,29.1,9,0
12.3,0.97,0.0,38.0,29.1,7,0
12.3,0.97,0.0,38.0,29.1,17,1
12.3,0.97,0.0,38.0,29.1,21,1
12.3,0.97,0.0,38.0,29.1,14,0
12.3,0.97,0.0,38.0,29.1,16,0
12.3,0.97,0.0,38.0,29.1,18,0
12.3,0.97,0.0,38.0,29.1,15,0
12.3,0.97,0.0,38.0,29.1,11,0
12.3,0.97,0.0,38.0,29.1,19,0
12.3,0.97,0.0,38.0,29.1,16,1
12.3,0.97,0.0,38.0,29.1,8,0
12.3,0.97,0.0,38.0,29.1,11,0
12.3,0.97,0.0,38.0,29.1,7,0
12.3,0.97,0.0,38.0,29.1,19,1
12.3,0.97,0.0,38.0,29.1,12,0
12.3,0.97,0.0,38.0,29.1,16,1
12.3,0.97,0.0,38.0,29.1,15,1
12.3,0.97,0.0,38.0,29.1,7,0
12.3,0.97,0.0,38.0,29.1,7,0
12.3,0.97,0.0,38.0,29.1,18,0
12.3,0.97,0.0,38.0,29.1,17,1
12.3,0.97,0.0,38.0,29.1,13,1
12.3,0.97,0.0,38.0,29.1,12,0
12.3,0.97,0.0,38.0,29.1,10,0
12.3,0.97,0.0,38.0,29.1,8,0
12.3,0.97,0.0,38.0,29.1,18,1
12.3,0.97,0.0,38.0,29.1,8,0
12.3,0.97,0.0,38.0,29.1,8,0
12.3,0.97,0.0,38.0,29.1,9,0
12.3,0.97,0.0,38.0,29.1,15,1
12.3,0.97,0.0,38.0,29.1,18,0
12.3,0.97,0.0,38.0,29.1,10,0
12.3,0.97,0.0,38.0,29.1,13,0
12.3,0.97,0.0,38.0,29.1,7,0
12.3,0.97,0.0,38.0,29.1,7,0
12.3,0.97,0.0,38.0,29.1,6,1
12.3,0.97,0.0,38.0,29.1,16,0
12.3,0.97,0.0,38.0,29.1,19,1
12.3,0.97,0.0,38.0,29.1,16,0
12.3,0.97,0.0,38.0,29.1,17,0
12.3,0.97,0.0,38.0,29.1,7,0
12.3,0.97,0.0,38.0,29.1,11,0
12.3,0.97,0.0,38.0,29.1,12,0
12.3,0.97,0.0,38.0,29.1,11,0
12.3,0.97,0.0,38.0,29.1,7,0
12.3,0.97,0.0,38.0,29.1,12,1
12.3,0.97,0.0,38.0,29.1,11,0
12.3,0.97,0.0,38.0,29.1,8,0
12.3,0.97,0.0,38.0,29.1,13,1
12.3,0.97,0.0,38.0,29.1,19,1
12.3,0.97,0.0,38.0,29.1,19,1
12.3,0.97,0.0,38.0,29.1,11,0
12.3,0.97,0.0,38.0,29.1,7,0
12.3,0.97,0.0,38.0,29.1,18,1
12.3,0.97,0.0,38.0,29.1,9,0
12.3,0.97,0.0,38.0,29.1,19,1
12.3,0.97,0.0,38.0,29.1,19,1
12.3,0.97,0.0,38.0,29.1,15,0
12.3,0.97,0.0,38.0,29.1,18,1
12.3,0.97,0.0,38.0,29.1,8,0
12.3,0.97,0.0,38.0,29.1,8,0
12.3,0.97,0.0,38.0,29.1,21,1
12.3,0.97,0.0,38.0,29.1,6,0
12.3,0.97,0.0,38.0,29.1,16,0
12.3,0.97,0.0,38.0,29.1,6,0
12.3,0.97,0.0,38.0,29.1,20,0
12.3,0.97,0.0,38.0,29.1,19,1
12.3,0.97,0.0,38.0,29.1,17,0
12.3,0.97,0.0,38.0,29.1,7,0
12.3,0.97,0.0,38.0,29.1,7,0
12.3,0.97,0.0,38.0,29.1,17,1
12.3,0.97,0.0,38.0,29.1,15,1
12.3,0.97,0.0,38.0,29.1,16,0
21.47,0.23,0.0,46.0,33.1,9,1
21.47,0.23,0.0,46.0,33.1,19,0
21.47,0.23,0.0,46.0,33.1,7,0
21.47,0.23,0.0,46.0,33.1,17,0
21.47,0.23,0.0,46.0,33.1,21,0
21.47,0.23,0.0,46.0,33.1,18,0
21.47,0.23,0.0,46.0,33.1,14,0
21.47,0.23,0.0,46.0,33.1,16,1
21.47,0.23,0.0,46.0,33.1,18,0
21.47,0.23,0.0,46.0,33.1,15,0
21.47,0.23,0.0,46.0,33.1,11,0
21.47,0.23,0.0,46.0,33.1,19,0
21.47,0.23,0.0,46.0,33.1,19,0
21.47,0.23,0.0,46.0,33.1,16,0
21.47,0.23,0.0,46.0,33.1,8,0
21.47,0.23,0.0,46.0,33.1,11,0
21.47,0.23,0.0,46.0,33.1,21,1
21.47,0.23,0.0,46.0,33.1,7,0
21.47,0.23,0.0,46.0,33.1,19,0
21.47,0.23,0.0,46.0,33.1,12,0
21.47,0.23,0.0,46.0,33.1,16,0
21.47,0.23,0.0,46.0,33.1,15,1
21.47,0.23,0.0,46.0,33.1,7,0
21.47,0.23,0.0,46.0,33.1,7,0
21.47,0.23,0.0,46.0,33.1,18,0
21.47,0.23,0.0,46.0,33.1,17,0
21.47,0.23,0.0,46.0,33.1,13,0
21.47,0.23,0.0,46.0,33.1,12,0
21.47,0.23,0.0,46.0,33.1,10,0
21.47,0.23,0.0,46.0,33.1,8,0
21.47,0.23,0.0,46.0,33.1,18,0
21.47,0.23,0.0,46.0,33.1,8,0
21.47,0.23,0.0,46.0,33.1,8,0
21.47,0.23,0.0,46.0,33.1,9,0
21.47,0.23,0.0,46.0,33.1,15,0
21.47,0.23,0.0,46.0,33.1,18,0
21.47,0.23,0.0,46.0,33.1,10,0
21.47,0.23,0.0,46.0,33.1,13,0
21.47,0.23,0.0,46.0,33.1,7,0
21.47,0.23,0.0,46.0,33.1,7,0
21.47,0.23,0.0,46.0,33.1,6,0
21.47,0.23,0.0,46.0,33.1,16,1
21.47,0.23,0.0,46.0,33.1,19,1
21.47,0.23,0.0,46.0,33.1,16,0
21.47,0.23,0.0,46.0,33.1,17,0
21.47,0.23,0.0,46.0,33.1,7,0
21.47,0.23,0.0,46.0,33.1,11,0
21.47,0.23,0.0,46.0,33.1,12,0
21.47,0.23,0.0,46.0,33.1,11,0
21.47,0.23,0.0,46.0,33.1,7,0
21.47,0.23,0.0,46.0,33.1,12,0
21.47,0.23,0.0,46.0,33.1,11,0
21.47,0.23,0.0,46.0,33.1,8,1
21.47,0.23,0.0,46.0,33.1,13,0
21.47,0.23,0.0,46.0,33.1,19,1
21.47,0.23,0.0,46.0,33.1,19,1
21.47,0.23,0.0,46.0,33.1,11,0
21.47,0.23,0.0,46.0,33.1,7,0
21.47,0.23,0.0,46.0,33.1,19,0
21.47,0.23,0.0,46.0,33.1,9,0
21.47,0.23,0.0,46.0,33.1,19,0
21.47,0.23,0.0,46.0,33.1,19,0
21.47,0.23,0.0,46.0,33.1,15,0
21.47,0.23,0.0,46.0,33.1,18,0
21.47,0.23,0.0,46.0,33.1,8,1
21.47,0.23,0.0,46.0,33.1,8,0
21.47,0.23,0.0,46.0,33.1,11,0
21.47,0.23,0.0,46.0,33.1,21,0
21.47,0.23,0.0,46.0,33.1,6,0
21.47,0.23,0.0,46.0,33.1,16,0
21.47,0.23,0.0,46.0,33.1,6,0
21.47,0.23,0.0,46.0,33.1,20,0
21.47,0.23,0.0,46.0,33.1,19,1
21.47,0.23,0.0,46.0,33.1,17,0
21.47,0.23,0.0,46.0,33.1,7,0
21.47,0.23,0.0,46.0,33.1,7,0
21.47,0.23,0.0,46.0,33.1,17,1
21.47,0.23,0.0,46.0,33.1,15,0
21.47,0.23,0.0,46.0,33.1,16,1
11.86,0.0,0.0,39.0,21.0,9,0
11.86,0.0,0.0,39.0,21.0,19,0
11.86,0.0,0.0,39.0,21.0,7,0
11.86,0.0,0.0,39.0,21.0,17,1
11.86,0.0,0.0,39.0,21.0,21,0
11.86,0.0,0.0,39.0,21.0,18,1
11.86,0.0,0.0,39.0,21.0,14,0
11.86,0.0,0.0,39.0,21.0,16,0
11.86,0.0,0.0,39.0,21.0,18,0
11.86,0.0,0.0,39.0,21.0,15,0
11.86,0.0,0.0,39.0,21.0,11,0
11.86,0.0,0.0,39.0,21.0,19,0
11.86,0.0,0.0,39.0,21.0,19,0
11.86,0.0,0.0,39.0,21.0,16,0
11.86,0.0,0.0,39.0,21.0,8,0
11.86,0.0,0.0,39.0,21.0,11,0
11.86,0.0,0.0,39.0,21.0,21,0
11.86,0.0,0.0,39.0,21.0,7,0
11.86,0.0,0.0,39.0,21.0,19,1
11.86,0.0,0.0,39.0,21.0,12,0
11.86,0.0,0.0,39.0,21.0,16,0
11.86,0.0,0.0,39.0,21.0,15,0
11.86,0.0,0.0,39.0,21.0,7,0
11.86,0.0,0.0,39.0,21.0,7,0
11.86,0.0,0.0,39.0,21.0,18,1
11.86,0.0,0.0,39.0,21.0,17,0
11.86,0.0,0.0,39.0,21.0,13,0
11.86,0.0,0.0,39.0,21.0,12,0
11.86,0.0,0.0,39.0,21.0,10,0
11.86,0.0,0.0,39.0,21.0,8,0
11.86,0.0,0.0,39.0,21.0,18,0
11.86,0.0,0.0,39.0,21.0,8,0
11.86,0.0,0.0,39.0,21.0,8,0
11.86,0.0,0.0,39.0,21.0,9,0
11.86,0.0,0.0,39.0,21.0,15,0
11.86,0.0,0.0,39.0,21.0,18,0
11.86,0.0,0.0,39.0,21.0,10,0
11.86,0.0,0.0,39.0,21.0,13,0
11.86,0.0,0.0,39.0,21.0,7,0
11.86,0.0,0.0,39.0,21.0,7,1
11.86,0.0,0.0,39.0,21.0,6,0
11.86,0.0,0.0,39.0,21.0,16,1
11.86,0.0,0.0,39.0,21.0,20,1
11.86,0.0,0.0,39.0,21.0,16,1
11.86,0.0,0.0,39.0,21.0,17,0
11.86,0.0,0.0,39.0,21.0,7,0
11.86,0.0,0.0,39.0,21.0,11,0
11.86,0.0,0.0,39.0,21.0,12,0
11.86,0.0,0.0,39.0,21.0,11,0
11.86,0.0,0.0,39.0,21.0,7,0
11.86,0.0,0.0,39.0,21.0,12,1
11.86,0.0,0.0,39.0,21.0,11,0
11.86,0.0,0.0,39.0,21.0,8,0
11.86,0.0,0.0,39.0,21.0,13,0
11.86,0.0,0.0,39.0,21.0,19,0
11.86,0.0,0.0,39.0,21.0,19,1
11.86,0.0,0.0,39.0,21.0,11,1
11.86,0.0,0.0,39.0,21.0,7,0
11.86,0.0,0.0,39.0,21.0,19,1
11.86,0.0,0.0,39.0,21.0,9,0
11.86,0.0,0.0,39.0,21.0,19,1
11.86,0.0,0.0,39.0,21.0,19,0
11.86,0.0,0.0,39.0,21.0,15,1
11.86,0.0,0.0,39.0,21.0,18,0
11.86,0.0,0.0,39.0,21.0,8,0
11.86,0.0,0.0,39.0,21.0,8,0
11.86,0.0,0.0,39.0,21.0,11,0
11.86,0.0,0.0,39.0,21.0,21,0
11.86,0.0,0.0,39.0,21.0,6,0
11.86,0.0,0.0,39.0,21.0,16,0
11.86,0.0,0.0,39.0,21.0,6,0
11.86,0.0,0.0,39.0,21.0,20,0
11.86,0.0,0.0,39.0,21.0,19,1
11.86,0.0,0.0,39.0,21.0,17,0
11.86,0.0,0.0,39.0,21.0,7,0
11.86,0.0,0.0,39.0,21.0,7,0
11.86,0.0,0.0,39.0,21.0,17,1
11.86,0.0,0.0,39.0,21.0,15,1
11.86,0.0,0.0,39.0,21.0,16,1
12.97,0.0,0.0,41.0,23.9,9,1
12.97,0.0,0.0,41.0,23.9,7,0
12.97,0.0,0.0,41.0,23.9,17,0
12.97,0.0,0.0,41.0,23.9,21,1
12.97,0.0,0.0,41.0,23.9,14,0
12.97,0.0,0.0,41.0,23.9,16,0
12.97,0.0,0.0,41.0,23.9,18,0
12.97,0.0,0.0,41.0,23.9,15,0
12.97,0.0,0.0,41.0,23.9,11,0
12.97,0.0,0.0,41.0,23.9,19,0
12.97,0.0,0.0,41.0,23.9,16,0
12.97,0.0,0.0,41.0,23.9,9,0
12.97,0.0,0.0,41.0,23.9,11,0
12.97,0.0,0.0,41.0,23.9,7,0
12.97,0.0,0.0,41.0,23.9,19,0
12.97,0.0,0.0,41.0,23.9,12,0
12.97,0.0,0.0,41.0,23.9,16,0
12.97,0.0,0.0,41.0,23.9,15,0
12.97,0.0,0.0,41.0,23.9,7,0
12.97,0.0,0.0,41.0,23.9,7,0
12.97,0.0,0.0,41.0,23.9,18,0
12.97,0.0,0.0,41.0,23.9,17,0
12.97,0.0,0.0,41.0,23.9,11,0
12.97,0.0,0.0,41.0,23.9,10,0
12.97,0.0,0.0,41.0,23.9,18,0
12.97,0.0,0.0,41.0,23.9,8,0
12.97,0.0,0.0,41.0,23.9,8,0
12.97,0.0,0.0,41.0,23.9,9,1
12.97,0.0,0.0,41.0,23.9,15,0
12.97,0.0,0.0,41.0,23.9,18,0
12.97,0.0,0.0,41.0,23.9,13,0
12.97,0.0,0.0,41.0,23.9,7,0
12.97,0.0,0.0,41.0,23.9,7,0
12.97,0.0,0.0,41.0,23.9,6,0
12.97,0.0,0.0,41.0,23.9,16,0
12.97,0.0,0.0,41.0,23.9,19,0
12.97,0.0,0.0,41.0,23.9,16,0
12.97,0.0,0.0,41.0,23.9,17,0
12.97,0.0,0.0,41.0,23.9,7,0
12.97,0.0,0.0,41.0,23.9,11,0
12.97,0.0,0.0,41.0,23.9,12,0
12.97,0.0,0.0,41.0,23.9,11,0
12.97,0.0,0.0,41.0,23.9,7,0
12.97,0.0,0.0,41.0,23.9,12,0
12.97,0.0,0.0,41.0,23.9,11,0
12.97,0.0,0.0,41.0,23.9,8,0
12.97,0.0,0.0,41.0,23.9,13,1
12.97,0.0,0.0,41.0,23.9,19,0
12.97,0.0,0.0,41.0,23.9,19,1
12.97,0.0,0.0,41.0,23.9,11,0
12.97,0.0,0.0,41.0,23.9,7,0
12.97,0.0,0.0,41.0,23.9,19,0
12.97,0.0,0.0,41.0,23.9,9,0
12.97,0.0,0.0,41.0,23.9,19,0
12.97,0.0,0.0,41.0,23.9,19,0
12.97,0.0,0.0,41.0,23.9,15,0
12.97,0.0,0.0,41.0,23.9,18,0
12.97,0.0,0.0,41.0,23.9,8,0
12.97,0.0,0.0,41.0,23.9,8,0
12.97,0.0,0.0,41.0,23.9,11,0
12.97,0.0,0.0,41.0,23.9,21,0
12.97,0.0,0.0,41.0,23.9,6,0
12.97,0.0,0.0,41.0,23.9,16,0
12.97,0.0,0.0,41.0,23.9,6,0
12.97,0.0,0.0,41.0,23.9,20,0
12.97,0.0,0.0,41.0,23.9,19,0
12.97,0.0,0.0,41.0,23.9,7,0
12.97,0.0,0.0,41.0,23.9,17,0
12.97,0.0,0.0,41.0,23.9,15,0
12.97,0.0,0.0,41.0,23.9,16,0
10.29,0.0,0.0,43.0,21.0,9,1
10.29,0.0,0.0,43.0,21.0,19,0
10.29,0.0,0.0,43.0,21.0,7,0
10.29,0.0,0.0,43.0,21.0,17,0
10.29,0.0,0.0,43.0,21.0,21,0
10.29,0.0,0.0,43.0,21.0,18,0
10.29,0.0,0.0,43.0,21.0,14,0
10.29,0.0,0.0,43.0,21.0,16,0
10.29,0.0,0.0,43.0,21.0,18,0
10.29,0.0,0.0,43.0,21.0,15,0
10.29,0.0,0.0,43.0,21.0,11,0
10.29,0.0,0.0,43.0,21.0,19,1
10.29,0.0,0.0,43.0,21.0,19,1
10.29,0.0,0.0,43.0,21.0,16,0
10.29,0.0,0.0,43.0,21.0,9,0
10.29,0.0,0.0,43.0,21.0,11,1
10.29,0.0,0.0,43.0,21.0,21,0
10.29,0.0,0.0,43.0,21.0,7,0
10.29,0.0,0.0,43.0,21.0,19,0
10.29,0.0,0.0,43.0,21.0,12,0
10.29,0.0,0.0,43.0,21.0,16,0
10.29,0.0,0.0,43.0,21.0,15,0
10.29,0.0,0.0,43.0,21.0,7,0
10.29,0.0,0.0,43.0,21.0,7,0
10.29,0.0,0.0,43.0,21.0,18,0
10.29,0.0,0.0,43.0,21.0,17,0
10.29,0.0,0.0,43.0,21.0,13,0
10.29,0.0,0.0,43.0,21.0,12,0
10.29,0.0,0.0,43.0,21.0,10,1
10.29,0.0,0.0,43.0,21.0,18,0
10.29,0.0,0.0,43.0,21.0,8,0
10.29,0.0,0.0,43.0,21.0,8,0
10.29,0.0,0.0,43.0,21.0,9,1
10.29,0.0,0.0,43.0,21.0,15,0
10.29,0.0,0.0,43.0,21.0,18,0
10.29,0.0,0.0,43.0,21.0,13,0
10.29,0.0,0.0,43.0,21.0,7,0
10.29,0.0,0.0,43.0,21.0,7,0
10.29,0.0,0.0,43.0,21.0,6,0
10.29,0.0,0.0,43.0,21.0,16,0
10.29,0.0,0.0,43.0,21.0,19,0
10.29,0.0,0.0,43.0,21.0,16,0
10.29,0.0,0.0,43.0,21.0,17,0
10.29,0.0,0.0,43.0,21.0,7,0
10.29,0.0,0.0,43.0,21.0,11,0
10.29,0.0,0.0,43.0,21.0,12,1
10.29,0.0,0.0,43.0,21.0,11,0
10.29,0.0,0.0,43.0,21.0,7,0
10.29,0.0,0.0,43.0,21.0,12,1
10.29,0.0,0.0,43.0,21.0,11,0
10.29,0.0,0.0,43.0,21.0,8,0
10.29,0.0,0.0,43.0,21.0,13,0
10.29,0.0,0.0,43.0,21.0,19,0
10.29,0.0,0.0,43.0,21.0,19,1
10.29,0.0,0.0,43.0,21.0,11,0
10.29,0.0,0.0,43.0,21.0,7,0
10.29,0.0,0.0,43.0,21.0,19,0
10.29,0.0,0.0,43.0,21.0,9,0
10.29,0.0,0.0,43.0,21.0,19,1
10.29,0.0,0.0,43.0,21.0,19,1
10.29,0.0,0.0,43.0,21.0,15,0
10.29,0.0,0.0,43.0,21.0,18,0
10.29,0.0,0.0,43.0,21.0,8,0
10.29,0.0,0.0,43.0,21.0,8,0
10.29,0.0,0.0,43.0,21.0,11,0
10.29,0.0,0.0,43.0,21.0,21,0
10.29,0.0,0.0,43.0,21.0,6,0
10.29,0.0,0.0,43.0,21.0,16,0
10.29,0.0,0.0,43.0,21.0,6,0
10.29,0.0,0.0,43.0,21.0,20,0
10.29,0.0,0.0,43.0,21.0,19,0
10.29,0.0,0.0,43.0,21.0,17,0
10.29,0.0,0.0,43.0,21.0,7,0
10.29,0.0,0.0,43.0,21.0,7,0
10.29,0.0,0.0,43.0,21.0,17,0
10.29,0.0,0.0,43.0,21.0,15,0
10.29,0.0,0.0,43.0,21.0,16,1
6.04,0.0,0.0,44.0,10.1,9,0
6.04,0.0,0.0,44.0,10.1,7,0
6.04,0.0,0.0,44.0,10.1,17,1
6.04,0.0,0.0,44.0,10.1,21,0
6.04,0.0,0.0,44.0,10.1,14,1
6.04,0.0,0.0,44.0,10.1,16,0
6.04,0.0,0.0,44.0,10.1,18,1
6.04,0.0,0.0,44.0,10.1,15,0
6.04,0.0,0.0,44.0,10.1,11,0
6.04,0.0,0.0,44.0,10.1,19,0
6.04,0.0,0.0,44.0,10.1,16,0
6.04,0.0,0.0,44.0,10.1,8,0
6.04,0.0,0.0,44.0,10.1,11,0
6.04,0.0,0.0,44.0,10.1,21,0
6.04,0.0,0.0,44.0,10.1,7,0
6.04,0.0,0.0,44.0,10.1,19,1
6.04,0.0,0.0,44.0,10.1,12,0
6.04,0.0,0.0,44.0,10.1,16,1
6.04,0.0,0.0,44.0,10.1,15,0
6.04,0.0,0.0,44.0,10.1,7,0
6.04,0.0,0.0,44.0,10.1,7,0
6.04,0.0,0.0,44.0,10.1,18,0
6.04,0.0,0.0,44.0,10.1,17,0
6.04,0.0,0.0,44.0,10.1,13,0
6.04,0.0,0.0,44.0,10.1,12,0
6.04,0.0,0.0,44.0,10.1,10,0
6.04,0.0,0.0,44.0,10.1,8,0
6.04,0.0,0.0,44.0,10.1,18,0
6.04,0.0,0.0,44.0,10.1,8,0
6.04,0.0,0.0,44.0,10.1,8,0
6.04,0.0,0.0,44.0,10.1,9,1
6.04,0.0,0.0,44.0,10.1,15,0
6.04,0.0,0.0,44.0,10.1,18,0
6.04,0.0,0.0,44.0,10.1,10,0
6.04,0.0,0.0,44.0,10.1,13,0
6.04,0.0,0.0,44.0,10.1,7,0
6.04,0.0,0.0,44.0,10.1,7,0
6.04,0.0,0.0,44.0,10.1,6,0
6.04,0.0,0.0,44.0,10.1,16,0
6.04,0.0,0.0,44.0,10.1,19,1
6.04,0.0,0.0,44.0,10.1,16,0
6.04,0.0,0.0,44.0,10.1,17,1
6.04,0.0,0.0,44.0,10.1,7,0
6.04,0.0,0.0,44.0,10.1,11,0
6.04,0.0,0.0,44.0,10.1,12,0
6.04,0.0,0.0,44.0,10.1,11,1
6.04,0.0,0.0,44.0,10.1,7,0
6.04,0.0,0.0,44.0,10.1,12,0
6.04,0.0,0.0,44.0,10.1,11,0
6.04,0.0,0.0,44.0,10.1,8,0
6.04,0.0,0.0,44.0,10.1,13,0
6.04,0.0,0.0,44.0,10.1,19,1
6.04,0.0,0.0,44.0,10.1,19,0
6.04,0.0,0.0,44.0,10.1,11,0
6.04,0.0,0.0,44.0,10.1,7,0
6.04,0.0,0.0,44.0,10.1,18,0
6.04,0.0,0.0,44.0,10.1,9,0
6.04,0.0,0.0,44.0,10.1,19,0
6.04,0.0,0.0,44.0,10.1,19,0
6.04,0.0,0.0,44.0,10.1,15,0
6.04,0.0,0.0,44.0,10.1,18,0
6.04,0.0,0.0,44.0,10.1,8,0
6.04,0.0,0.0,44.0,10.1,8,0
6.04,0.0,0.0,44.0,10.1,11,0
6.04,0.0,0.0,44.0,10.1,21,1
6.04,0.0,0.0,44.0,10.1,6,0
6.04,0.0,0.0,44.0,10.1,16,1
6.04,0.0,0.0,44.0,10.1,6,1
6.04,0.0,0.0,44.0,10.1,20,0
6.04,0.0,0.0,44.0,10.1,19,0
6.04,0.0,0.0,44.0,10.1,17,0
6.04,0.0,0.0,44.0,10.1,7,0
6.04,0.0,0.0,44.0,10.1,7,0
6.04,0.0,0.0,44.0,10.1,17,1
6.04,0.0,0.0,44.0,10.1,15,0
6.04,0.0,0.0,44.0,10.1,16,0
10.29,0.03,0.0,39.0,21.0,9,0
10.29,0.03,0.0,39.0,21.0,7,0
10.29,0.03,0.0,39.0,21.0,17,1
10.29,0.03,0.0,39.0,21.0,21,0
10.29,0.03,0.0,39.0,21.0,14,0
10.29,0.03,0.0,39.0,21.0,16,0
10.29,0.03,0.0,39.0,21.0,18,0
10.29,0.03,0.0,39.0,21.0,15,0
10.29,0.03,0.0,39.0,21.0,11,0
10.29,0.03,0.0,39.0,21.0,19,1
10.29,0.03,0.0,39.0,21.0,16,0
10.29,0.03,0.0,39.0,21.0,8,0
10.29,0.03,0.0,39.0,21.0,11,0
10.29,0.03,0.0,39.0,21.0,7,0
10.29,0.03,0.0,39.0,21.0,19,0
10.29,0.03,0.0,39.0,21.0,12,0
10.29,0.03,0.0,39.0,21.0,16,0
10.29,0.03,0.0,39.0,21.0,15,0
10.29,0.03,0.0,39.0,21.0,7,1
10.29,0.03,0.0,39.0,21.0,7,0
10.29,0.03,0.0,39.0,21.0,18,0
10.29,0.03,0.0,39.0,21.0,17,0
10.29,0.03,0.0,39.0,21.0,13,1
10.29,0.03,0.0,39.0,21.0,12,0
10.29,0.03,0.0,39.0,21.0,10,0
10.29,0.03,0.0,39.0,21.0,8,1
10.29,0.03,0.0,39.0,21.0,18,0
10.29,0.03,0.0,39.0,21.0,8,0
10.29,0.03,0.0,39.0,21.0,8,0
10.29,0.03,0.0,39.0,21.0,9,1
10.29,0.03,0.0,39.0,21.0,15,0
10.29,0.03,0.0,39.0,21.0,18,0
10.29,0.03,0.0,39.0,21.0,10,0
10.29,0.03,0.0,39.0,21.0,13,1
10.29,0.03,0.0,39.0,21.0,7,0
10.29,0.03,0.0,39.0,21.0,7,0
10.29,0.03,0.0,39.0,21.0,6,0
10.29,0.03,0.0,39.0,21.0,16,0
10.29,0.03,0.0,39.0,21.0,19,0
10.29,0.03,0.0,39.0,21.0,16,1
10.29,0.03,0.0,39.0,21.0,17,0
10.29,0.03,0.0,39.0,21.0,7,1
10.29,0.03,0.0,39.0,21.0,11,0
10.29,0.03,0.0,39.0,21.0,12,1
10.29,0.03,0.0,39.0,21.0,11,1
10.29,0.03,0.0,39.0,21.0,7,0
10.29,0.03,0.0,39.0,21.0,12,0
10.29,0.03,0.0,39.0,21.0,11,0
10.29,0.03,0.0,39.0,21.0,8,0
10.29,0.03,0.0,39.0,21.0,13,0
10.29,0.03,0.0,39.0,21.0,19,0
10.29,0.03,0.0,39.0,21.0,19,0
10.29,0.03,0.0,39.0,21.0,11,0
10.29,0.03,0.0,39.0,21.0,7,0
10.29,0.03,0.0,39.0,21.0,18,0
10.29,0.03,0.0,39.0,21.0,9,0
10.29,0.03,0.0,39.0,21.0,19,1
10.29,0.03,0.0,39.0,21.0,19,1
10.29,0.03,0.0,39.0,21.0,15,0
10.29,0.03,0.0,39.0,21.0,18,0
10.29,0.03,0.0,39.0,21.0,8,0
10.29,0.03,0.0,39.0,21.0,8,1
10.29,0.03,0.0,39.0,21.0,21,0
10.29,0.03,0.0,39.0,21.0,6,0
10.29,0.03,0.0,39.0,21.0,16,1
10.29,0.03,0.0,39.0,21.0,6,0
10.29,0.03,0.0,39.0,21.0,20,0
10.29,0.03,0.0,39.0,21.0,19,1
10.29,0.03,0.0,39.0,21.0,17,0
10.29,0.03,0.0,39.0,21.0,7,0
10.29,0.03,0.0,39.0,21.0,7,0
10.29,0.03,0.0,39.0,21.0,17,0
10.29,0.03,0.0,39.0,21.0,15,0
10.29,0.03,0.0,39.0,21.0,16,0
